Attachment ID,Attachment Lookup ID,Rarity,Code,Value
32484884,D7DADA046BC74A1CBDEDD884038052E3,Common,D7DADA046BC74A1CBDEDD884038052E3,DEFAULT WEAPON
647026752,D7DADA046BC74A1CBDEDD884038052E3,Common,D7DADA046BC74A1CBDEDD884038052E3,DEFAULT WEAPON
57863255,D7DADA046BC74A1CBDEDD884038052E3,Common,D7DADA046BC74A1CBDEDD884038052E3,DEFAULT WEAPON
2065715732,D7DADA046BC74A1CBDEDD884038052E3,Common,D7DADA046BC74A1CBDEDD884038052E3,DEFAULT WEAPON
114634374,D7DADA046BC74A1CBDEDD884038052E3,Common,D7DADA046BC74A1CBDEDD884038052E3,DEFAULT WEAPON
408327069,D7DADA046BC74A1CBDEDD884038052E3,Common,D7DADA046BC74A1CBDEDD884038052E3,DEFAULT WEAPON
375302156,D7DADA046BC74A1CBDEDD884038052E3,Common,D7DADA046BC74A1CBDEDD884038052E3,DEFAULT WEAPON
578166028,D7DADA046BC74A1CBDEDD884038052E3,Common,D7DADA046BC74A1CBDEDD884038052E3,DEFAULT WEAPON
653952895,D7DADA046BC74A1CBDEDD884038052E3,Common,D7DADA046BC74A1CBDEDD884038052E3,DEFAULT WEAPON
697849119,D7DADA046BC74A1CBDEDD884038052E3,Common,D7DADA046BC74A1CBDEDD884038052E3,DEFAULT WEAPON
1544503832,D7DADA046BC74A1CBDEDD884038052E3,Common,D7DADA046BC74A1CBDEDD884038052E3,DEFAULT WEAPON
1992294045,D7DADA046BC74A1CBDEDD884038052E3,Common,D7DADA046BC74A1CBDEDD884038052E3,DEFAULT WEAPON
1449703113,D7DADA046BC74A1CBDEDD884038052E3,Common,D7DADA046BC74A1CBDEDD884038052E3,DEFAULT WEAPON
1760313033,D7DADA046BC74A1CBDEDD884038052E3,Common,D7DADA046BC74A1CBDEDD884038052E3,DEFAULT WEAPON
13493115,D7DADA046BC74A1CBDEDD884038052E3,Common,D7DADA046BC74A1CBDEDD884038052E3,DEFAULT WEAPON
621126684,D7DADA046BC74A1CBDEDD884038052E3,Common,D7DADA046BC74A1CBDEDD884038052E3,DEFAULT WEAPON
266383872,D7DADA046BC74A1CBDEDD884038052E3,Common,D7DADA046BC74A1CBDEDD884038052E3,DEFAULT WEAPON
54167053,D7DADA046BC74A1CBDEDD884038052E3,Common,D7DADA046BC74A1CBDEDD884038052E3,DEFAULT WEAPON
281932552,D7DADA046BC74A1CBDEDD884038052E3,Common,D7DADA046BC74A1CBDEDD884038052E3,DEFAULT WEAPON
2034475350,D7DADA046BC74A1CBDEDD884038052E3,Common,D7DADA046BC74A1CBDEDD884038052E3,DEFAULT WEAPON
19214707,D7DADA046BC74A1CBDEDD884038052E3,Common,D7DADA046BC74A1CBDEDD884038052E3,DEFAULT WEAPON
2119282532,D7DADA046BC74A1CBDEDD884038052E3,Common,D7DADA046BC74A1CBDEDD884038052E3,DEFAULT WEAPON
566003020,D7DADA046BC74A1CBDEDD884038052E3,Common,D7DADA046BC74A1CBDEDD884038052E3,DEFAULT WEAPON
396712623,7E960B795D3A4917829E590246CFEC6F,Rare,7E960B795D3A4917829E590246CFEC6F,OAK ARBALEST
578593962,45CF3A34B514456B9F2EBF27800A9F1F,Rare,45CF3A34B514456B9F2EBF27800A9F1F,REINFORCED ARBALEST
1693776245,3B8904AFD5C0461D81F8EE14741E8FCD,Epic,3B8904AFD5C0461D81F8EE14741E8FCD,GILDED BOLT THROWER
660230481,4F22AC6BDB1346B6BA57AF3B5B9497ED,Epic,4F22AC6BDB1346B6BA57AF3B5B9497ED,STEEL BOLT THROWER
169057286,D5EB77D48040484EA32396CA13A69C37,Epic,D5EB77D48040484EA32396CA13A69C37,LOVELY BOLT THROWER
1906699218,B7EE222899914926A184D86956A362D5,Legendary,B7EE222899914926A184D86956A362D5,DEADLY BLITZBOLT
22068053,ECE600875D5D4D95894984FB1EA97E97,Rare,ECE600875D5D4D95894984FB1EA97E97,LIME VACCINATOR
160594322,83B3527C4F244B678DD74BBA577E0805,Rare,83B3527C4F244B678DD74BBA577E0805,CHILI VACCINATOR
97616490,DFB8A0D91DAE4AAC8E262A8FB192D250,Rare,DFB8A0D91DAE4AAC8E262A8FB192D250,BLUEBERRY VACCINATOR
1696834573,83A5B580C9334D34B8D5F9F24548F6E7,Common,83A5B580C9334D34B8D5F9F24548F6E7,STEEL CROSSBOW
1174184436,B744876C9BFC4189BA3ED7CF383860A7,Epic,B744876C9BFC4189BA3ED7CF383860A7,DAYLIGHT DADAO
1503287131,41F972D3C1C94990A46C8E41A711EDD9,Epic,41F972D3C1C94990A46C8E41A711EDD9,MIDNIGHT DADAO
31966843,DE3100CBF8504F8CB2EDB62971958F69,Epic,DE3100CBF8504F8CB2EDB62971958F69,DARK DADAO
836811715,EBAAB7DCE45B4EFAAEA830779B25CABC,Rare,EBAAB7DCE45B4EFAAEA830779B25CABC,GOLDEN ASTRAL GAUGE
2140424760,6B0BF1ED6D9845688868E27DE96A38F0,Rare,6B0BF1ED6D9845688868E27DE96A38F0,SILVER ASTRAL RULER
33488743,3BB1A00E155F497594ED323D05B9F614,Rare,3BB1A00E155F497594ED323D05B9F614,OAK ASTRAL GAUGE
123566721,9A32B294F964473D8B783F943FC47BFD,Legendary,9A32B294F964473D8B783F943FC47BFD,SUN SPLITTER
112156733,941F07D78A7843E29DC695CF24B36602,Rare,941F07D78A7843E29DC695CF24B36602,YELLOW CRAFT PROJECT
750450554,C92D78BA87DB4D10A4C2832AEF9394C8,Rare,C92D78BA87DB4D10A4C2832AEF9394C8,RED CRAFT PROJECT
1942705789,FAB7C0974CA544DD959658FACFDF07D1,Rare,FAB7C0974CA544DD959658FACFDF07D1,GREEN CRAFT PROJECT
823239161,D7DADA046BC74A1CBDEDD884038052E3,Common,D7DADA046BC74A1CBDEDD884038052E3,DEFAULT WEAPON
881249979,487C1732B38548439D79AD9DE9061319,Common,487C1732B38548439D79AD9DE9061319,IRON SICKLE
904037675,8564CA70F6FE4530BC4D4D5B430C6E0F,Common,8564CA70F6FE4530BC4D4D5B430C6E0F,BLACK SICKLE
1292735860,76B86B9ECE864A70A4103C6BC0E9CBD2,Rare,76B86B9ECE864A70A4103C6BC0E9CBD2,GOLDEN BEETLE STAFF
40200211,D7DADA046BC74A1CBDEDD884038052E3,Common,D7DADA046BC74A1CBDEDD884038052E3,DEFAULT WEAPON
1246772048,AB6EE5FEEAB94141B33970C608F9EE6B,Epic,AB6EE5FEEAB94141B33970C608F9EE6B,BLACK ORB OF RASAL
1116296721,418FD538B1714C039A89E23F13F2615D,Epic,418FD538B1714C039A89E23F13F2615D,WHITE ORB OF RASAL
627911910,F95265C806F14796944D508505CF3B35,Rare,F95265C806F14796944D508505CF3B35,GEDAN'S CANDY FLOSS
13354321,8B4CFE179E2B439AAAA35E2C396ED2DC,Rare,8B4CFE179E2B439AAAA35E2C396ED2DC,LIME CANDY FLOSS
696854500,76493A0BF36C44A4951A00ED73695F76,Rare,76493A0BF36C44A4951A00ED73695F76,CHILI CANDY FLOSS
1801442382,FC6AACADFF37452695465A75E2CC108A,Common,FC6AACADFF37452695465A75E2CC108A,GOLDEN WASP STAFF
1408652109,2BFC9933791A4853B380A6FBC1F30AF7,Common,2BFC9933791A4853B380A6FBC1F30AF7,ANTIQUE WASP STAFF
745826561,BA47853A24B64D8BA2649DDED2DA97BF,Rare,BA47853A24B64D8BA2649DDED2DA97BF,CUBE OF WISDOM
1248887180,43387C73D9E7420BAA2B206134322173,Rare,43387C73D9E7420BAA2B206134322173,CUBE OF FORESIGHT
1848298166,99ADFDF2755A4BFB953CC9EFFB3C392D,Rare,99ADFDF2755A4BFB953CC9EFFB3C392D,EYE OF ENLIGHTENMENT
1452542681,BA9FBB8823B54DF982B885B68D4C5837,Rare,BA9FBB8823B54DF982B885B68D4C5837,EYE OF VENGEANCE
2085156876,9ADFBBDB55FC44CFAD55CF4C54459757,Epic,9ADFBBDB55FC44CFAD55CF4C54459757,PEARL OF THE DRAGON
907430980,140AFD95739E417F9A3EADBEDD7CD12A,Epic,140AFD95739E417F9A3EADBEDD7CD12A,PEARL OF THE WARLOCK
340397372,6C3587E61CA94F17B20667CBE97EDEFE,Common,6C3587E61CA94F17B20667CBE97EDEFE,JADE ORB
1036336872,3CBFFFA8BEDB44E98719B92CC82AA0F9,Common,3CBFFFA8BEDB44E98719B92CC82AA0F9,AMETHYST ORB
1646191623,89E3E4CB71A74162882641CBF05104DC,Rare,89E3E4CB71A74162882641CBF05104DC,RED BIRCH STAFF
489206968,5CC5D304278040BD8FB82941595B7EB6,Rare,5CC5D304278040BD8FB82941595B7EB6,ASHEN BIRCH STAFF
900497305,BC91A3DA3F844F8096ABFEEEC3618CC2,Epic,BC91A3DA3F844F8096ABFEEEC3618CC2,RED MAPLE STAFF
1393522908,E1D1CC734B7B44A18159026D450C4F89,Epic,E1D1CC734B7B44A18159026D450C4F89,BLUE MAPLE STAFF
271491542,51A3BB11463B4DC3B997E991655C7DA8,Common,51A3BB11463B4DC3B997E991655C7DA8,DARK OAK STAFF
1107439235,4E6769C7943A4E42A05D5A777CACB97D,Common,4E6769C7943A4E42A05D5A777CACB97D,BRIGHT OAK STAFF
387753561,DFCF5023268D464EA5953D616E255B01,Rare,DFCF5023268D464EA5953D616E255B01,FAIR LINDEN STAFF
965996440,B4E8BAB330BA4A48A428AEBD2F806A6F,Legendary,B4E8BAB330BA4A48A428AEBD2F806A6F,COSMIC CONSTELLATION
634442085,9DE07DA58D6249C19DBB2DA206CF4DA7,Common,9DE07DA58D6249C19DBB2DA206CF4DA7,ANTIQUE CROSSBOW
2032222922,690495F751E44BAEBAE14DB30B674233,Rare,690495F751E44BAEBAE14DB30B674233,BRASS PAIN DEALER
2143958509,D7DADA046BC74A1CBDEDD884038052E3,Common,D7DADA046BC74A1CBDEDD884038052E3,DEFAULT WEAPON
2129494001,ADCE376C0E48414EA90FDD0B99B97A72,Epic,ADCE376C0E48414EA90FDD0B99B97A72,PEARL OF THE DEMON
1579338870,C1D185CAD5BB40ADA3F71306537941F0,Epic,C1D185CAD5BB40ADA3F71306537941F0,IRON TROUBLE MAKER
38985304,5AB6714427A247FD94DA2C5D2CF35E88,Common,5AB6714427A247FD94DA2C5D2CF35E88,LOVELY BOOMSTICK
1648871887,7F2B9086BF9B47239AA819DA742D6E65,Legendary,7F2B9086BF9B47239AA819DA742D6E65,IRON PLATED ROAR
972674991,2F7DB540BCF14488B355F0B600D4666A,Rare,2F7DB540BCF14488B355F0B600D4666A,LAZER TOYBLASTER 2000
1876867447,89DD8735F061497BA6FABE7260AEF79A,Rare,89DD8735F061497BA6FABE7260AEF79A,IRON SCEPTER
1333655996,BEF2B066657B4C02B3F662023069413E,Rare,BEF2B066657B4C02B3F662023069413E,DINGY LINDEN STAFF
219063366,28B1259C911F48668D30D4D7714D49F1,Rare,28B1259C911F48668D30D4D7714D49F1,SILVER SCEPTER
1561265351,0A5631C72EA546288A6CF00CD58ACB3A,Epic,0A5631C72EA546288A6CF00CD58ACB3A,CRESCENT ICE STAFF
262559478,5EC1D84113724171A5615CF73F110D83,Epic,5EC1D84113724171A5615CF73F110D83,CRESCENT PALE STAFF
725289179,BD7C6627F37643149E8CA58F3F8CE3F0,Epic,BD7C6627F37643149E8CA58F3F8CE3F0,CRESCENT DARK STAFF
1232946539,0C692FECDB6B409EB8400686A58FC8C3,Legendary,0C692FECDB6B409EB8400686A58FC8C3,PERFECTION IN BLUE
40399520,621CE2CF07A74B8D9CC20D78BA955C21,Epic,621CE2CF07A74B8D9CC20D78BA955C21,LOVELY TROUBLE MAKER
1447633219,DFF462B67E3A40A98CDCEED345E58207,Rare,DFF462B67E3A40A98CDCEED345E58207,TEAL CARVING ROD
361474716,CBAA3E4F954146D0A63EE5C1506A2CBA,Rare,CBAA3E4F954146D0A63EE5C1506A2CBA,RED CARVING ROD
1271465512,806189C82AB642B1B64C8EBFB9E34509,Common,806189C82AB642B1B64C8EBFB9E34509,RED FROZEN MOTION
621334720,9A590CE91FEA42B79C27A8B86728CAFD,Common,9A590CE91FEA42B79C27A8B86728CAFD,TEAL FROZEN MOTION
1649849276,F277D4A0EE2C489380BB90AA27933B8C,Rare,F277D4A0EE2C489380BB90AA27933B8C,JUICY BEEF N BASH
560336349,24A1B7CFC7994FF39494821F09446D0B,Rare,24A1B7CFC7994FF39494821F09446D0B,BURNT BEEF N BASH
1096863488,7AF99A26E27540D996A91F9E4C6EAC63,Rare,7AF99A26E27540D996A91F9E4C6EAC63,RARE BEEF N BASH
795662654,63A6305019404402BB85EF88EC332F3D,Epic,63A6305019404402BB85EF88EC332F3D,APPETIZING CRITTER N CLUB
578350207,191948F90EC54E6BB1B26D6E556CA99D,Epic,191948F90EC54E6BB1B26D6E556CA99D,SWEET CRITTER N CLUB
1918407207,683123E3E6AB4371A3511198170061FD,Epic,683123E3E6AB4371A3511198170061FD,TASTY CRITTER  N CLUB
408773361,7095195180664FBA8F1EAFC137E8C37D,Rare,7095195180664FBA8F1EAFC137E8C37D,PALE BIRCH STAFF
978102076,C64EF7CC1CC24C0CA85C7C53BD97FAFD,Legendary,C64EF7CC1CC24C0CA85C7C53BD97FAFD,MOONLIGHT BEAST
825441355,8365F21CF1754C9EA5B13D9D90C20EB1,Rare,8365F21CF1754C9EA5B13D9D90C20EB1,TASTY BOAR N LUMBER
1034953586,710CFB2C6C3E4E629A6D5EE65055AC85,Epic,710CFB2C6C3E4E629A6D5EE65055AC85,GOLD ORB OF RASAL
2035859159,D270F7B83EC04621A9C9948F858B02B1,Legendary,D270F7B83EC04621A9C9948F858B02B1,BLACK HIVE STAFF
1211799248,D7DADA046BC74A1CBDEDD884038052E3,Common,D7DADA046BC74A1CBDEDD884038052E3,DEFAULT WEAPON
502745614,BBF90DA5D33246A7A751CEBA5EA9136E,Rare,BBF90DA5D33246A7A751CEBA5EA9136E,TOXIC TOYBLASTER 2000
1936408288,E4C7224D27A2478AAEBE5D439DEF27BF,Common,E4C7224D27A2478AAEBE5D439DEF27BF,SILVER STAFF
336077239,2B8651F2BC7242A680498A98BF99D61F,Rare,2B8651F2BC7242A680498A98BF99D61F,CUBE OF INTELLECT
682150369,F99DE7D545714A979630B50A5FC967A9,Legendary,F99DE7D545714A979630B50A5FC967A9,ROYAL AQUARIUM STAFF
1843654933,D0E07B3B08774DAA88051252797B13F1,Epic,D0E07B3B08774DAA88051252797B13F1,DARK TRIDENT STAFF
1940510879,06AAEB7017794598A1D2AF98C09067F5,Rare,06AAEB7017794598A1D2AF98C09067F5,MYSTIC DARK CONDUCTORS
1664301717,4964772DCBE345D2AADC705CD52B8B66,Rare,4964772DCBE345D2AADC705CD52B8B66,SWEET AND SOUR
1483258618,EF6B42655A3F4E5DA4110D08A1CD8228,Common,EF6B42655A3F4E5DA4110D08A1CD8228,ANTIQUE STAFF
504097754,7A12F0A7B0CB4B36AD291D9CB887BD70,Rare,7A12F0A7B0CB4B36AD291D9CB887BD70,BLACKBERRY LOLLIPOP
1659708920,00A7005533F0476B9BE7ACC28BD86A6D,Legendary,00A7005533F0476B9BE7ACC28BD86A6D,LIGHTNING DISINTEGRATOR
1934543990,57ADED37F7674FBDA480E10AAA923724,Rare,57ADED37F7674FBDA480E10AAA923724,VETERAN RIFLE
1605470707,2B036E6EFF90434296C820809C345977,Epic,2B036E6EFF90434296C820809C345977,IMPERIAL TRIDENT STAFF
967704982,269EDF5DB6F945D8B711784B9254D481,Rare,269EDF5DB6F945D8B711784B9254D481,ELEGANT RIFLE
294066347,C6B19424DDD044A388EA1239F19ACCD7,Epic,C6B19424DDD044A388EA1239F19ACCD7,HEAVY INCINERATOR
579434372,9B98E308504C4F498E7CD0AE7FA3F50B,Epic,9B98E308504C4F498E7CD0AE7FA3F50B,PROTOTYPE INCINERATOR
1904827112,FCE2666DF04F4C0CA427C29B2050947A,Epic,FCE2666DF04F4C0CA427C29B2050947A,ROYAL INCINERATOR
1627213536,6D66F2818A32456E914E8C209D24A860,Rare,6D66F2818A32456E914E8C209D24A860,IVORY PROTON BLASTER
63272714,0F506A8BC9104DD595800CB78B25748D,Rare,0F506A8BC9104DD595800CB78B25748D,HEAVY  PROTON BLASTER
1260592686,9A1E834CE6FF4D93BA82A9B93D6D5BA1,Common,9A1E834CE6FF4D93BA82A9B93D6D5BA1,FUSION BLASTER
561043051,43B1BC134B2947AC8B15F9C30AAB1218,Common,43B1BC134B2947AC8B15F9C30AAB1218,THERMAL BLASTER
2057249482,D84518D358AD4BE59FD7F9068A74C8A0,Rare,D84518D358AD4BE59FD7F9068A74C8A0,ROD OF MAGIC
265035526,E952B03D7E1D4650AA1ED76DBB556471,Rare,E952B03D7E1D4650AA1ED76DBB556471,ANTIQUE BEETLE STAFF
233404071,ACFD2BDB9A304BA89073E2046FF41121,Common,ACFD2BDB9A304BA89073E2046FF41121,SMOKEY FLESH N STEEL
1339738202,5F2BFA27A8924EB3A8A6CAD89F3A553C,Epic,5F2BFA27A8924EB3A8A6CAD89F3A553C,ROYAL LOADOUT
1396194672,8E8BF076F3634F98AC914E89196BF73C,Common,8E8BF076F3634F98AC914E89196BF73C,IRON BOOMSTICK
1006097330,11E00E787DF54810ABF9094A7C157310,Rare,11E00E787DF54810ABF9094A7C157310,SWIFT PROTON BLASTER
1078885088,85EC8E64CA5143F381E7C770396BC4B9,Rare,85EC8E64CA5143F381E7C770396BC4B9,FANCY GLAZED BOAR N LUMBER
1431056544,88F7C08FD4E74EE0948D8B2B644E22E4,Rare,88F7C08FD4E74EE0948D8B2B644E22E4,BLACK BEETLE STAFF
729140288,32E2726E7D1645C691B2EE3832954E60,Rare,32E2726E7D1645C691B2EE3832954E60,MARKSMAN LOADOUT
424967161,E1214EB22F6F4447BE9935A8FA98FDC0,Common,E1214EB22F6F4447BE9935A8FA98FDC0,ANTIQUE LOADOUT
540898692,B49A3ECAD6774F7F9DABF590D71DCDAD,Epic,B49A3ECAD6774F7F9DABF590D71DCDAD,BRASS TROUBLE MAKER
324609098,5B602DE256724F9E9B290198CB78419B,Epic,5B602DE256724F9E9B290198CB78419B,DIVINE AMBER BRANCH
28316917,F809CCE7403D44C8A380A38606271E64,Rare,F809CCE7403D44C8A380A38606271E64,TAINTED IMPALER
1355410868,233465F4661C410191E5FFE01CBA6C4C,Rare,233465F4661C410191E5FFE01CBA6C4C,VIOLENT CURSED SCYTHE
309059058,26B038603EB443258D4077C223F5FC0B,Epic,26B038603EB443258D4077C223F5FC0B,ANTIQUE BLADEWEAVER
1899798523,98A1987772A54EF4B2F14A3E8D319BF4,Common,98A1987772A54EF4B2F14A3E8D319BF4,TOPAZ CANE
1898490815,2B7946F905F6471494783C8B1A13E938,Legendary,2B7946F905F6471494783C8B1A13E938,BURNING TWINBLADE
871645157,0690C54267BD4D3B8A68E78920E5E5B7,Rare,0690C54267BD4D3B8A68E78920E5E5B7,SILVER WIND HOWLER
1216726649,2C9AB4B643A547AEBD69BCE9A77C9705,Rare,2C9AB4B643A547AEBD69BCE9A77C9705,BRONZE WIND HOWLER
740140367,F9F9A98D09E54C2E8028C40AEB08D6EA,Rare,F9F9A98D09E54C2E8028C40AEB08D6EA,SILVER POINTY STAFF
1629414630,247CC32685DE477BA6EA72DB0DC814A5,Rare,247CC32685DE477BA6EA72DB0DC814A5,IRON WIND HOWLER
915074743,B091B21382DD4448A7B3FBFFF7FB7650,Epic,B091B21382DD4448A7B3FBFFF7FB7650,ASTRAL SAPPHIRE BRANCH
1647360050,B996412B14134915B34D51423BD8B88E,Common,B996412B14134915B34D51423BD8B88E,STEEL BOOMERANG
22207801,3D39D98593B74526B9E852EF10CF25EE,Rare,3D39D98593B74526B9E852EF10CF25EE,NOBLE POINTY STAFF
927556091,A997ADB4291D4D38BDF25C8E60A39D0F,Rare,A997ADB4291D4D38BDF25C8E60A39D0F,ROD OF ENCHANTMENT
1382803320,2AF5203C99E2411DB68F891DF37C7EF0,Epic,2AF5203C99E2411DB68F891DF37C7EF0,ARCANE AMETHYST BRANCH
47771557,437B11967B844089BB206CB65860C65F,Common,437B11967B844089BB206CB65860C65F,DARK CONDUCTORS
2137565535,F7E58C2B022348AA8BBB20EEBE45FDD6,Rare,F7E58C2B022348AA8BBB20EEBE45FDD6,SHARPSHOOTER LOADOUT
598325492,AEFC4C90279743039C2257EFA5A841AA,Epic,AEFC4C90279743039C2257EFA5A841AA,LETHAL LOADOUT
1040025873,BA73EB68512346B5813F34F52A8A08C8,Legendary,BA73EB68512346B5813F34F52A8A08C8,ALABASTER RAILGUNS
2049166118,789544F9FB434F27AAF70FC8DCB30C31,Rare,789544F9FB434F27AAF70FC8DCB30C31,RUSTY GLAZED BOAR N LUMBER
130398019,C988E254A1284EE2A4D1FE88D198936C,Epic,C988E254A1284EE2A4D1FE88D198936C,REAPER LOADOUT
117126739,48DBC90ED2E645C9AE67707999F1C329,Common,48DBC90ED2E645C9AE67707999F1C329,CHARRED FLESH N STEEL
253123790,CCECB0E2933945C69588A8092C8A6A67,Legendary,CCECB0E2933945C69588A8092C8A6A67,ELDRITCH SPIRE
407331517,9B5912DC34B6414AB165A51996CE0450,Epic,9B5912DC34B6414AB165A51996CE0450,ROYAL TRIDENT STAFF
1298761108,248E5AFFD2B74B66BF6867D032DE35DC,Rare,248E5AFFD2B74B66BF6867D032DE35DC,WARRIOR'S MORNING STAR
662153065,584B39A6CA004AC1A3F4A5456F778862,Rare,584B39A6CA004AC1A3F4A5456F778862,ELDER WAND
980938581,28B89A4132894CD2931E53937FF7CE43,Rare,28B89A4132894CD2931E53937FF7CE43,IVA'S FRIENDLY GIFT
259489672,3E8EC3F766A347F398FA906EE61C266D,Legendary,3E8EC3F766A347F398FA906EE61C266D,SAVORY FISH N FIST
1057965923,270296B3652E4A1EB9B7233A76CEF383,Common,270296B3652E4A1EB9B7233A76CEF383,BLACK BONE SICKLE
1795012088,87ABDBF355004ACD879998861DD43AAC,Rare,87ABDBF355004ACD879998861DD43AAC,UNICORN WAND
1981918567,59B6A6928344406FABB6814B7CD476C7,Rare,59B6A6928344406FABB6814B7CD476C7,GLADIATOR'S MORNING STAR
66707064,E1E2930C21C14B78B49A560F39C0073A,Legendary,E1E2930C21C14B78B49A560F39C0073A,UNYIELDING DEVOTION
1635067411,99C6ECFBFEC540118636AA1B16A16F27,Common,99C6ECFBFEC540118636AA1B16A16F27,SAPPHIRE CANE
724321615,8869AD85554643B5B9A7B55CA08EE69C,Rare,8869AD85554643B5B9A7B55CA08EE69C,LOVELY PAIN DEALER
145512823,55C34958D2ED48AE8642A74414DFFAC4,Rare,55C34958D2ED48AE8642A74414DFFAC4,NOBLE SPIRAL CONDUCTORS
641517297,1C6150E1303D48C58D38A8F0DB623F8C,Rare,1C6150E1303D48C58D38A8F0DB623F8C,HERETICAL CURSED SCYTHE
1527391435,1DE21B877CB4439CAF2FD84409824450,Rare,1DE21B877CB4439CAF2FD84409824450,BLUEBERRY TICK-TOCK
1906889458,98E64C4B3E594CBCB265ABFFF7C5E40E,Common,98E64C4B3E594CBCB265ABFFF7C5E40E,GUARD'S LOADOUT
1103287296,C3669FC3FFC74817878923B19377D092,Rare,C3669FC3FFC74817878923B19377D092,EYE OF COMPASSION
1394478,C9859EF346DF475CB921CD75C516562E,Rare,C9859EF346DF475CB921CD75C516562E,ENDLESS SAND
1618283763,856226EC382D40F6899FC74B4D77F611,Rare,856226EC382D40F6899FC74B4D77F611,GOLD CHAMPION BLADES
1253609761,F721E8B3F0EA456DA9FEC660F1BE7ACA,Common,F721E8B3F0EA456DA9FEC660F1BE7ACA,FOREST TATTOOS
329517751,F2ECDC793D79491DB136CE2EA81F2927,Rare,F2ECDC793D79491DB136CE2EA81F2927,TRIBAL IMPALER
358699146,269EA95DFF58410492A4A1EF02D0E443,Rare,269EA95DFF58410492A4A1EF02D0E443,MINT LOLLIPOP
1069008402,92D28973CEF14D988055F58CABC7F395,Epic,92D28973CEF14D988055F58CABC7F395,JUNGLE TSUNAMI BLADES
2129975638,11B4C2749CA845E2BC15646CF4D44C90,Rare,11B4C2749CA845E2BC15646CF4D44C90,SKY BLUE WAR BLADE
1561769616,8F376B0CC9F9485B8EA521B5FBE534B3,Legendary,8F376B0CC9F9485B8EA521B5FBE534B3,POISONOUS DEATHBLADES
1188036082,FE79DF8AB0A2448BB351417ABDABFD47,Rare,FE79DF8AB0A2448BB351417ABDABFD47,ANCIENT DICER
1655933385,80D06288C9F14CFE9652F24D1DDF4332,Common,80D06288C9F14CFE9652F24D1DDF4332,EMBER BRACERS
1516719556,A7E2A073A8B04563873CFE69C551F46A,Rare,A7E2A073A8B04563873CFE69C551F46A,CHARGED BONE CRUSHERS
122314599,B52D47F43FED4982B067E8A5EEFE6D55,Epic,B52D47F43FED4982B067E8A5EEFE6D55,GOLD WAR SCEPTERS
743340244,E60A8616784E429180F20937E8FEB50D,Epic,E60A8616784E429180F20937E8FEB50D,CONDUCTIVE WAR SCEPTERS
524144198,35CC56609C014F419A8A8CB5DDFF3209,Epic,35CC56609C014F419A8A8CB5DDFF3209,DARK WAR SCEPTERS
1471055759,C34C8E4905CA42C19B0733FD332C011D,Rare,C34C8E4905CA42C19B0733FD332C011D,STEEL CHAMPION BLADES
95776013,8D93A3DE19854AC880568FB0A4E46F4A,Epic,8D93A3DE19854AC880568FB0A4E46F4A,DARK VOID CONDUCTORS
603972509,95F8D49065C3497D805F962760384AED,Rare,95F8D49065C3497D805F962760384AED,ANTIQUE ARMOR
74405444,E905DF779A6F4026B65C052AE43B9FF2,Legendary,E905DF779A6F4026B65C052AE43B9FF2,DEADLY POWER CONDUCTORS
1159129951,FC25D630C0464897B8A7713AA80B3DBC,Rare,FC25D630C0464897B8A7713AA80B3DBC,RUBY RAM SKULLBASHER
647677055,C3751DB9327E469CA4384334E626F127,Rare,C3751DB9327E469CA4384334E626F127,CLOUDY ARMBANDS
997448806,FFFEE9EADF56404B9AC4A4721C96F83B,Common,FFFEE9EADF56404B9AC4A4721C96F83B,COPPER PLATED HAMMERS
1985743230,69904D53A242401DA2FF156CDB962139,Epic,69904D53A242401DA2FF156CDB962139,DARK TSUNAMI BLADES
682395490,AF9F899E2F754659AF893F8F9C5FC9D2,Rare,AF9F899E2F754659AF893F8F9C5FC9D2,ANCIENT STABBER
2022401495,C8E532754E27453B952DCD87DBF623E7,Rare,C8E532754E27453B952DCD87DBF623E7,WAVE ARMBANDS
1405402350,715732139B614CB9A377330200FB4AF4,Epic,715732139B614CB9A377330200FB4AF4,ROYAL NOBLE CONDUCTORS
358670667,D49E0FDBC2B64575BEE17686F6B16D3D,Rare,D49E0FDBC2B64575BEE17686F6B16D3D,REDWOOD HUNTER BOW
432455449,5E862DEA0A7040A3A4BB0A878CCE22EE,Common,5E862DEA0A7040A3A4BB0A878CCE22EE,REINFORCED MAPLE HAMMERS
1925802556,CE3936DF007045F3A9D8B12D24BA5E5A,Epic,CE3936DF007045F3A9D8B12D24BA5E5A,GRIM DEMON BOW
1311391433,75F13DBAB58E4CEF93F22AA599516A8F,Epic,75F13DBAB58E4CEF93F22AA599516A8F,WICKED DEMON BOW
1104451942,5DC356E8135D4AC19B3FA799F2F8BA5A,Common,5DC356E8135D4AC19B3FA799F2F8BA5A,ANTIQUE BONE BOW
1232829045,8D77940E674E4CAC87A286974E233C80,Common,8D77940E674E4CAC87A286974E233C80,BLACK BONE BOW
267059991,605C3129F8E2434D96C5A3E4F6BAD25F,Rare,605C3129F8E2434D96C5A3E4F6BAD25F,FAIRY ASH BOW
387573318,320E8777B35D4CE682DBA8DEBF06426F,Epic,320E8777B35D4CE682DBA8DEBF06426F,ANTIQUE GOLD CONDUCTORS
1119659962,6AA2F618FA674746862C83825EF1C28D,Rare,6AA2F618FA674746862C83825EF1C28D,EMERALD RAM SKULLBASHER
1650295904,D9EAA98B8FBE49CC9AEB87505343E472,Epic,D9EAA98B8FBE49CC9AEB87505343E472,GOLDEN WAR SPEAR
286048171,BDF12BE73F314E86AD3765AD91BDB03A,Rare,BDF12BE73F314E86AD3765AD91BDB03A,FAIRY FLAME BOW
1747565905,CF7204A72D5A49C6B017C93EB9894B99,Rare,CF7204A72D5A49C6B017C93EB9894B99,NOBLE SERPENT GLAIVE
1941305715,02A16023AD2547BDB8A25266A44E7CEB,Rare,02A16023AD2547BDB8A25266A44E7CEB,JADE SERPENT GLAIVE
122699396,5C37A1C788B44AA5B474444A3A17C208,Legendary,5C37A1C788B44AA5B474444A3A17C208,NOBLE MASTER SPEAR
958952737,97A77D756BC94AB188DACBE24F56961C,Rare,97A77D756BC94AB188DACBE24F56961C,GOLD SHADOW BLADE GLAIVE
1063919730,50E22C8765D44EAC9D4822CD1AC0822F,Epic,50E22C8765D44EAC9D4822CD1AC0822F,STEEL TSUNAMI BLADES
1171848840,76D6F71332404D2C83270FCB2236FD96,Rare,76D6F71332404D2C83270FCB2236FD96,ROYAL SHADOW BLADE GLAIVE
524284754,D9732CD676A84AA391853A725C07441C,Rare,D9732CD676A84AA391853A725C07441C,DARKWOOD HUNTER BOW
1840567925,3A05B9C70157477C936EFFCC6E9630FA,Legendary,3A05B9C70157477C936EFFCC6E9630FA,WYVERN'S CLAW
1814245603,9780524B564C42408227DC5543470DC9,Rare,9780524B564C42408227DC5543470DC9,WHITEBARK HUNTER BOW
1745746847,3F12838836554446A7FB92BBCBADD163,Common,3F12838836554446A7FB92BBCBADD163,JUNGLE BLADES
1582788363,A230D7FF5A2840228CDC5087A1DBF4CA,Legendary,A230D7FF5A2840228CDC5087A1DBF4CA,FOREST GUARDIAN
946315724,FDF2664349A34FA5A991C65221574B59,Common,FDF2664349A34FA5A991C65221574B59,JADE SPEAR
2043347061,A8C4271B2A754BA88192ACE9069E150A,Rare,A8C4271B2A754BA88192ACE9069E150A,STUNNING BONE CRUSHERS
104846153,484CC9FFFB724638847EE489420231F9,Common,484CC9FFFB724638847EE489420231F9,SCEPTER OF VINDICATION
881772589,A0ADB3F612C34621B2906105FFE9FEAD,Rare,A0ADB3F612C34621B2906105FFE9FEAD,RAVEN BLADES
752984615,1548B2908B424C8BA1F81BCCA13D6ACF,Rare,1548B2908B424C8BA1F81BCCA13D6ACF,DENIM PLUMBER
353008214,D66B55D1203049EFB9C00FEAD7B23CCA,Epic,D66B55D1203049EFB9C00FEAD7B23CCA,STABBOTRONICS 2000
1012582227,1A0549F122074F2F9B7DF3830A627FB2,Common,1A0549F122074F2F9B7DF3830A627FB2,CYAN BLADES
52945820,B2D94E137C2E4070A3F0BE3BD8805C24,Epic,B2D94E137C2E4070A3F0BE3BD8805C24,JADE WAR SPEAR
520549809,78F11ED6A98C4C6F8C274D5A196DFFD1,Epic,78F11ED6A98C4C6F8C274D5A196DFFD1,HATEFUL DEMON BOW
1480907347,6B3CD2EEB4684D029D67234BFA141E75,Rare,6B3CD2EEB4684D029D67234BFA141E75,ALL-SEEING MISFORTUNE
1868852279,0E3AE577A5A441CBA28241F79A0638A2,Rare,0E3AE577A5A441CBA28241F79A0638A2,50 SHADES OF MISFORTUNE
1791872223,0BFB1F28CCBC47D587EBD6B726FCB9ED,Rare,0BFB1F28CCBC47D587EBD6B726FCB9ED,FAIRY BEAST BOW
1219344364,7405F26B394E4C89A70C528EB489C126,Epic,7405F26B394E4C89A70C528EB489C126,DEMONIC TOME OF CONSUMING
1967039078,BFD5313D8F1F48FE9DE20988384ADAED,Rare,BFD5313D8F1F48FE9DE20988384ADAED,COLUMBIDAE BLADES
1069880857,070AA39040004608B5DEF2706D44DB8D,Epic,070AA39040004608B5DEF2706D44DB8D,BLIND TOME OF CONSUMING
441065986,EFBA06F7832540B69D58AAF213548002,Common,EFBA06F7832540B69D58AAF213548002,EMBER BLADES
322089189,2C687E5B34D64217B3266DED9BEE52A5,Common,2C687E5B34D64217B3266DED9BEE52A5,NOBLE CONDUCTORS
874169013,E6698FA98B8040FAA13D46B461C81BA1,Legendary,E6698FA98B8040FAA13D46B461C81BA1,CURSED REAPER
1974033117,125E365008BE4604A4ABB39C930DB367,Common,125E365008BE4604A4ABB39C930DB367,EVIL SUMMONING
412509778,33CA7AF8168848E5B54055C20159EF83,Rare,33CA7AF8168848E5B54055C20159EF83,VETERAN'S MORNING STAR
1537809584,AB956F625F304665A4A43746BF975C55,Rare,AB956F625F304665A4A43746BF975C55,BLACK ARMOR
1648358610,064727D6E3AA41B8B0DB435B9972F2F5,Epic,064727D6E3AA41B8B0DB435B9972F2F5,STONY CHRONOGRAPH
1962433479,DE4F2C1FEC22453DB1D081BB65694B8D,Rare,DE4F2C1FEC22453DB1D081BB65694B8D,LIME WAR BLADE
1780863647,6DC7567B0B294E3690C6D5C52571E66A,Rare,6DC7567B0B294E3690C6D5C52571E66A,FLAME TOYBLASTER 2000
1425853393,7A8EEE450F2B4134A8E1F7C92864329A,Epic,7A8EEE450F2B4134A8E1F7C92864329A,IVORY CUTLASS
1604253934,202B64969F5B4963855E61EC2B292DA9,Legendary,202B64969F5B4963855E61EC2B292DA9,FLAME DRAGON BLADE
2043916494,F8F16006F3EC42689406C993BC777073,Rare,F8F16006F3EC42689406C993BC777073,BLADE OF THE CRYSTAL EYE
2037608561,BADF908DB7DC4F26AB4CC780D009EDBC,Rare,BADF908DB7DC4F26AB4CC780D009EDBC,BRUTAL TONFAS
507268595,FE7BF8F59AF64C8D901E08665DF0C412,Rare,FE7BF8F59AF64C8D901E08665DF0C412,GOLD POINTY STAFF
1738448494,F3C62C37590E4D5CAA53D311603A39A0,Rare,F3C62C37590E4D5CAA53D311603A39A0,BLADE OF THE SAPPHIRE EYE
1829186167,E151BE7FBFDD41B3B244FE3BE120AB65,Rare,E151BE7FBFDD41B3B244FE3BE120AB65,PARROT BLADES
1410297312,A8EC64DEBBC94350A86E79FFD7F54456,Common,A8EC64DEBBC94350A86E79FFD7F54456,DARK STEEL BOOMERANG
1456690199,E791228C0D604BC8864961B8B25D5EB0,Rare,E791228C0D604BC8864961B8B25D5EB0,IRIS TONFAS
1362025723,57B582CAD5F74F028BEE5AF4E3760581,Common,57B582CAD5F74F028BEE5AF4E3760581,STEEL BLADES
551968116,85F06E5CA74D4E93A70122B03FD86C46,Epic,85F06E5CA74D4E93A70122B03FD86C46,JADE CUTLASS
1650040508,E21B45340A6E411E99F4947AE6439E76,Rare,E21B45340A6E411E99F4947AE6439E76,RIGHTEOUS WAR MACE
88814956,66952B189A3548DA866D1DB94ED1814A,Legendary,66952B189A3548DA866D1DB94ED1814A,GOLDEN TIME BENDER
1301227328,9D7B236FA826406795A05B7E15EC6AAE,Rare,9D7B236FA826406795A05B7E15EC6AAE,FOREST PLUMBER
1738537559,ABD954EC219A4720BEB3762837DE1F57,Rare,ABD954EC219A4720BEB3762837DE1F57,JUNGLE CHAMPION BLADES
79241447,3662C55477FA49628EBD1A53F6CEB2E8,Common,3662C55477FA49628EBD1A53F6CEB2E8,NOBLE SPEAR
1482478193,AF3474D0BA0B4748B6A1CBEBE88B4554,Epic,AF3474D0BA0B4748B6A1CBEBE88B4554,DARK CHRONOGRAPH
1239897715,BAC1B1405286485FAC19E7802147EF2D,Rare,BAC1B1405286485FAC19E7802147EF2D,BLADE OF THE RUBY EYE
1736617482,A58A3BC882874DA7A91AC7BFFC384E93,Rare,A58A3BC882874DA7A91AC7BFFC384E93,RITUAL IMPALER
350782426,385D5A7BDDEF4978A32C36E1916EB835,Epic,385D5A7BDDEF4978A32C36E1916EB835,SMITER OF DISCORD
2047623128,9BA831A1C3AF4B48870BB3DEDE4B92F7,Epic,9BA831A1C3AF4B48870BB3DEDE4B92F7,HAND OF THE LIGHT
327729347,7B65246BF754453A979A01D326D2A9BB,Epic,7B65246BF754453A979A01D326D2A9BB,GAUNTLET OF VALOR
1394267537,2901608E8C974E76A340F1DA43BAF9DC,Common,2901608E8C974E76A340F1DA43BAF9DC,STEEL SWORD
794168620,4E592AD228C14C9D895A3C5EF547F471,Rare,4E592AD228C14C9D895A3C5EF547F471,CRIMSON TONFAS
677300903,ABFFBF604D6541B5A8D1D60181781BCE,Epic,ABFFBF604D6541B5A8D1D60181781BCE,GOLDEN CUTLASS
930082983,BD997F76BD1F4883B3E210832C91227D,Rare,BD997F76BD1F4883B3E210832C91227D,GOLDEN DADAO
1407281201,A582AC1E1B53457AB08D46E7750F1829,Rare,A582AC1E1B53457AB08D46E7750F1829,JADE DADAO
393994367,BDC10FDE0F0243F19F02E69BFD4AC22D,Rare,BDC10FDE0F0243F19F02E69BFD4AC22D,GOLDEN SERPENT GLAIVE
1362210478,81D1E61495244CB2984A85E9E799B7BC,Legendary,81D1E61495244CB2984A85E9E799B7BC,THE RESTRAINED EVIL WITHIN
1940742728,6E517664F43A49B1849CAB0264FEE345,Legendary,6E517664F43A49B1849CAB0264FEE345,BURNING DOOM CUFFS
545261980,78D73BC1E2BD4BEDABA06419428C77AC,Epic,78D73BC1E2BD4BEDABA06419428C77AC,THE PAINKILLERS
1033116067,7F5E8DE5B5654AE38AD5B2648C914719,Rare,7F5E8DE5B5654AE38AD5B2648C914719,FANCY WAR BLADE
2137091615,EF484286FD0E46B192C0C7335657F577,Epic,EF484286FD0E46B192C0C7335657F577,HORRIFYING GRIP
445144249,3AE3E4F233494553971CB6595E074D10,Epic,3AE3E4F233494553971CB6595E074D10,FOREST GUARD
1296753596,7C2188977CE44325B8AFEDF3C39CAAA9,Rare,7C2188977CE44325B8AFEDF3C39CAAA9,ARCANE ARMOR
1993837478,1393C3EB6D37400E9DDFE19854AD1AFA,Epic,1393C3EB6D37400E9DDFE19854AD1AFA,MOONLIGHT SICKLE
2076111428,F4624125B0D04A5D9DDD832425BB9DEE,Legendary,F4624125B0D04A5D9DDD832425BB9DEE,BLOOD BANNER ARMS
337527026,32170918F5D047D590F610B66E276D00,Epic,32170918F5D047D590F610B66E276D00,ADAMANT HAMMER
759293109,C025669DED6C443F9D01CE69A5BB6051,Epic,C025669DED6C443F9D01CE69A5BB6051,TWISTER OF TIME
559636978,06B3F83F6E1040FCB25B1640120B1537,Common,06B3F83F6E1040FCB25B1640120B1537,FIERY YELLOW ARMAMENT
655690095,AF794CACA5D8431DA8919581CCFEA626,Epic,AF794CACA5D8431DA8919581CCFEA626,CRYSTAL BLASTERS
1462778306,625786071CBC4B63A07A45B4A963F4BD,Epic,625786071CBC4B63A07A45B4A963F4BD,SPEAR OF AETHERIUM
1995053776,6ECD915B06CD488F8CC0CE5DE07F0821,Epic,6ECD915B06CD488F8CC0CE5DE07F0821,STAFF OF SPRING
1168954249,CA467FD3F240423E9F7DC17642664998,Epic,CA467FD3F240423E9F7DC17642664998,DOOM GRIP
411083496,7A1B379488D04BDC99E81A87146B2E03,Common,7A1B379488D04BDC99E81A87146B2E03,ARCANE CORRUPTION
1246249936,1938EBF6073E49E881057F7704AF27FB,Common,1938EBF6073E49E881057F7704AF27FB,OAK ARMAMENT
1161529385,4DE5261F69C941F5A7091114B808571E,Epic,4DE5261F69C941F5A7091114B808571E,NOBLE MASKED CUFFS
49455352,5AA2C6F168834B9591B92DA2BF2F8EF0,Epic,5AA2C6F168834B9591B92DA2BF2F8EF0,SCARESTAFF
1437352364,3F406018ECCC4141A7FDBD06BFB5AC36,Epic,3F406018ECCC4141A7FDBD06BFB5AC36,DEADLY PUMPKIN
1306641920,5EE3A60540614AA7B01A59E065A9196E,Epic,5EE3A60540614AA7B01A59E065A9196E,BLOOD MOON REAPER
1921641264,621F88BD7C364EA88FA70B89BD13A64A,Epic,621F88BD7C364EA88FA70B89BD13A64A,DOOMBRINGER'S LOADOUT
1696727613,E0A12F99CF4E4E20B84C0C42BD7795AD,Common,E0A12F99CF4E4E20B84C0C42BD7795AD,ANTIQUE HOURGLASS
1803805416,9F80BA5BF41649188A3ADE5B97D3F8B2,Rare,9F80BA5BF41649188A3ADE5B97D3F8B2,NOBLE FURRY ARMBANDS
1706888656,6008C7FF46B94718A193D57043151C49,Rare,6008C7FF46B94718A193D57043151C49,STEEL FURRY ARMBANDS
309694495,DC8AE50BB3214F74AA41DD6F8D0A2907,Rare,DC8AE50BB3214F74AA41DD6F8D0A2907,PINK ARMOR
1090702677,0E1F18F288224E919B803D7289A00057,Rare,0E1F18F288224E919B803D7289A00057,BLOOD RED GUARD
1927955374,335E8BFD2F13415D846D7DA5DDD68186,Epic,335E8BFD2F13415D846D7DA5DDD68186,SOUL CORRUPTER
445208524,90D65578A3A942A28B3093EE5A8B4D2C,Legendary,90D65578A3A942A28B3093EE5A8B4D2C,TWINBLADES OF THE MATRIARCH
799359530,8C87CAE8B2AE4985BB8965F475C2CCEF,Rare,8C87CAE8B2AE4985BB8965F475C2CCEF,CHERRY TICK-TOCK
1815375536,D85C94A183B94BFCB3D323FE0E79F4AE,Epic,D85C94A183B94BFCB3D323FE0E79F4AE,PNEUMATIC HARPOONS
943510864,453121B98BA74E45B94D9D7DC8EC7845,Rare,453121B98BA74E45B94D9D7DC8EC7845,RAVENOUS DEVOURER
1369727269,416C6082BCEE4A2587B1A8A89411D4E6,Epic,416C6082BCEE4A2587B1A8A89411D4E6,CAROTENE GREATSWORD
1098070349,79ED4520E3A5453D8547CD48B3C3C0D1,Rare,79ED4520E3A5453D8547CD48B3C3C0D1,TREACHEROUS CURSED SCYTHE
1016981216,4E0C949D88C74B2187C747E4A4477298,Rare,4E0C949D88C74B2187C747E4A4477298,BLINDED MISFORTUNE
366554384,2C9E8F40A80D493E843D95CC21464ED8,Common,2C9E8F40A80D493E843D95CC21464ED8,ENDLESS HOURGLASS
452211619,FB21CAEFF4F24B03BCB9A5F6915CB2E4,Common,FB21CAEFF4F24B03BCB9A5F6915CB2E4,GOLD ARMAMENT
1285745199,08FFD3F0218247DFB0C61BA4971B9D43,Epic,08FFD3F0218247DFB0C61BA4971B9D43,GOLDEN BLADEWEAVER
93317594,CE54F86C40194D97B5255A7C466CB64B,Epic,CE54F86C40194D97B5255A7C466CB64B,DARK GUARD
461188614,61C2114CDD4A4EECB85ECA3144010043,Rare,61C2114CDD4A4EECB85ECA3144010043,DEEP BLUE GUARD
344581468,97603D44BD6C4344AA546A8BB66A8F4E,Rare,97603D44BD6C4344AA546A8BB66A8F4E,ANCIENT SLICER
1004046763,5CF14D9322324F15A0350DF44DE00354,Epic,5CF14D9322324F15A0350DF44DE00354,VENOMOUS GRIP
1147263579,46498AD0A5D445008E7DBB17A5C61D6E,Epic,46498AD0A5D445008E7DBB17A5C61D6E,TEETH OF THE DRAGON
2079178771,DEDF2077A34542CF8AE6AB0CBDF96CE6,Rare,DEDF2077A34542CF8AE6AB0CBDF96CE6,CORRUPTED ARMOR
613698423,B801F0FA4CCE4CEDB42B390FBD585402,Rare,B801F0FA4CCE4CEDB42B390FBD585402,PALE DEVOURER
1761910157,CD5E9B0BF4FA43BC9E101E94AF505B4B,Epic,CD5E9B0BF4FA43BC9E101E94AF505B4B,PEARL OF THE TWIN LIONS
993357450,CB3EEDD2FBE544B6B8CD85903CB05163,Epic,CB3EEDD2FBE544B6B8CD85903CB05163,OAK PROTECTOR
56495260,E45D8007B76F465BAA4D8B4E83509F22,Epic,E45D8007B76F465BAA4D8B4E83509F22,DRAGON CANNON
851427195,3D04A7DC5CD54C7998ED64D6EBF1F014,Rare,3D04A7DC5CD54C7998ED64D6EBF1F014,BURNT GRIMOIRE
1358164260,60583753B8D4456082585A8D77AAC04A,Epic,60583753B8D4456082585A8D77AAC04A,BATWING CUFFS
144018881,83BC3C4B4BD840A2B5D70AC4F37055A1,Epic,83BC3C4B4BD840A2B5D70AC4F37055A1,STEEL PROTECTOR
1526638999,F68C2D9D568D42EDA0E67D49EB5A49B6,Rare,F68C2D9D568D42EDA0E67D49EB5A49B6,SCORCHED FURRY ARMBANDS
1575266369,34A99515F1144564A8263394D4DB1F9A,Rare,34A99515F1144564A8263394D4DB1F9A,ALEXANDER'S WITS
1563059902,ACFA2E8F3C0E406096D898C2A851B8EB,Epic,ACFA2E8F3C0E406096D898C2A851B8EB,CRYPT DWELLERS
2044924473,6634925EBA79428DA962B5BB857BA10E,Common,6634925EBA79428DA962B5BB857BA10E,STEEL BLUE ARMAMENT
1611749100,165A4D0B8C0B44B2AC5421F8A6261ECE,Rare,165A4D0B8C0B44B2AC5421F8A6261ECE,ALEXANDER'S VALOR
1628363339,0A6F8EB8E78D4574AE0D69374DB8F725,Epic,0A6F8EB8E78D4574AE0D69374DB8F725,PUMPKIN STAFF
294851947,B08E38EEE50541279DBB5E4A2769B0A8,Epic,B08E38EEE50541279DBB5E4A2769B0A8,NIGHT BEAST
1627920914,69BED74EA9874717A08EAD5095036559,Legendary,69BED74EA9874717A08EAD5095036559,FORTIFIED BONE BREAKER
643718952,E24C44DBEFB54BBDBBD3A4A8C664403B,Rare,E24C44DBEFB54BBDBBD3A4A8C664403B,CRIMSON PLUMBER
1065401629,BE224E0763604190A59331D6E0DD7F3A,Rare,BE224E0763604190A59331D6E0DD7F3A,ROTTEN DEVOURER
785919489,3DD141195D404229A27A7F60A07C838C,Rare,3DD141195D404229A27A7F60A07C838C,DARK TEAL GUARD
351322947,B2EDD02FAC464CA6B8BCEEB1915AE36F,Epic,B2EDD02FAC464CA6B8BCEEB1915AE36F,PUMPKINRANG
757638525,DC8D9CBAA0BF4EB3A9BF0EFA92D59F6C,Epic,DC8D9CBAA0BF4EB3A9BF0EFA92D59F6C,GRAVE SLASHER
665247834,542CF2329FCC4E78B17898F34EA89596,Epic,542CF2329FCC4E78B17898F34EA89596,THE TOUCH OF MADNESS
1352763191,A9B8C762964D47A5925AE13AFC78D2AD,Epic,A9B8C762964D47A5925AE13AFC78D2AD,FLOWER SPADE
1727823902,10AB5750DA2B40F6B1466FEAA2921BB0,Epic,10AB5750DA2B40F6B1466FEAA2921BB0,VAMPIRIC SCYTHE
2039518915,E890E8094EBC4D7789FB5203840D9FD3,Epic,E890E8094EBC4D7789FB5203840D9FD3,CAULDRON OF FORESEEING EYES
1166768156,EED752E4D69F4EECA828EF3547E2EDA6,Legendary,EED752E4D69F4EECA828EF3547E2EDA6,GOLDEN LIGHTNING CONDUCTORS
1904512494,42A6D48445C843FBA4CDC03A3D3503BA,Legendary,42A6D48445C843FBA4CDC03A3D3503BA,ORNAMENTED MONSTER CLAW
1324374825,E3EDBB927BB641CE8C8A68CE702777A5,Legendary,E3EDBB927BB641CE8C8A68CE702777A5,SHADE SLICER
1440111387,6683324EAC0D4EBBB4E21739EC61009A,Epic,6683324EAC0D4EBBB4E21739EC61009A,ANCIENT PRAYER BELL
164987815,8E74BDE3046A480A8B21ECC5499610F7,Epic,8E74BDE3046A480A8B21ECC5499610F7,SUNDIAL
795452698,8CF304B3664A4D3482DF0426C13F32B2,Epic,8CF304B3664A4D3482DF0426C13F32B2,AMBER STAFF
254578129,45B5752F96DF493094EC129E256F3D36,Epic,45B5752F96DF493094EC129E256F3D36,SAWTOOTH JAW
1671138285,0D2122C8069D4E73834A70A39387C3BB,Epic,0D2122C8069D4E73834A70A39387C3BB,PREHISTORIC PREY
24061436,A91BB925491D4FFC86D8905CE3731897,Epic,A91BB925491D4FFC86D8905CE3731897,SPEARED FLYER
486225385,545DD34CB6384DC791215741A499A62E,Epic,545DD34CB6384DC791215741A499A62E,PREDATOR'S TROPHIES
2021142983,80C7A28A5A1744349521E28F00341E61,Epic,80C7A28A5A1744349521E28F00341E61,WITHERED STAFF
488967835,2062635904EE4F1087EF20A5DF62ADF5,Epic,2062635904EE4F1087EF20A5DF62ADF5,THE FIRST INCANTATION
610349247,0B602F422705478480FCB89BD45BF06D,Epic,0B602F422705478480FCB89BD45BF06D,GREENWOOD STINGER
207859885,5321C15572F14426A921C13A77E0CFBC,Epic,5321C15572F14426A921C13A77E0CFBC,BONE BLADE
387582987,6942398686CA4ED5AAB9A53006604EBE,Epic,6942398686CA4ED5AAB9A53006604EBE,TRI-HORNED JUGGERNAUT
286819712,D467FC012030471B9D0AD849630111AC,Legendary,D467FC012030471B9D0AD849630111AC,SCORCHING CRUSHER
2112215196,A6BB03328ACD46F1B168BC70F2C20DDE,Epic,A6BB03328ACD46F1B168BC70F2C20DDE,CELESTIAL LION SCYTHE
2090527291,00D80E80F2934E0893297789D82090A0,Common,00D80E80F2934E0893297789D82090A0,SCEPTER OF JUDGEMENT
1630282516,7677EEF274B34D2B8D7A0AD5D5733FA6,Rare,7677EEF274B34D2B8D7A0AD5D5733FA6,ALEXANDER'S MIGHT
2120366904,48F5F4A4BDC941E681D2CC85404783AF,Epic,48F5F4A4BDC941E681D2CC85404783AF,GOLDEN PRAYER STAFF
2019259800,9742CB5CBB7541F1A6404E8836746E1C,Epic,9742CB5CBB7541F1A6404E8836746E1C,SOUL EATER
1572542237,A69A5B20BA144F729D7A4E7BF347D65B,Epic,A69A5B20BA144F729D7A4E7BF347D65B,THE GOLDEN SERPENT
1956847103,C7893755FB554A7A98547D1EA761071A,Epic,C7893755FB554A7A98547D1EA761071A,SCYTHE OF WEALTH
1706809445,FC1181BA8FAA471F828D83FD66A5265A,Epic,FC1181BA8FAA471F828D83FD66A5265A,RUNE-FORGED BASHER
52194839,E6A4FFFDD7724157A8F64C6106212DA0,Epic,E6A4FFFDD7724157A8F64C6106212DA0,SCISSOR BLADES
501043149,59598E4F29204297AB2CDE7F1265CF17,Epic,59598E4F29204297AB2CDE7F1265CF17,SPHERES OF TIME ALTERATION
330604293,A3E9239C79C84612BA8A6DF5EA5D402D,Epic,A3E9239C79C84612BA8A6DF5EA5D402D,FISTS OF ETERNITY
167361887,86C909CE90BF4CCFA759211F49EE9CB7,Epic,86C909CE90BF4CCFA759211F49EE9CB7,SCYTHE OF THE WATCHER
1849555374,53E53F69FD7045DA8A946C834F5206CB,Epic,53E53F69FD7045DA8A946C834F5206CB,WATERSAGE PRAYERSTAFF
1498564515,D466993D673641B89EE48BB52FF0F6F6,Epic,D466993D673641B89EE48BB52FF0F6F6,FORCEWEAVER RIFLE
2066106418,F1A995ABD2FB4069842647719DC198C9,Epic,F1A995ABD2FB4069842647719DC198C9,SPIRE OF THE MYSTIC
1789148812,8D0173163E3140DD8CA7733D8E324EF9,Epic,8D0173163E3140DD8CA7733D8E324EF9,BRILLIANT WINDSLICER
1334003584,6986704313664B9BA2494B5C97377287,Epic,6986704313664B9BA2494B5C97377287,LIGHT-FORGED SILVER MALLET
1605880615,9F5F3B75D07943DC8094DD9AFE2FBB2D,Epic,9F5F3B75D07943DC8094DD9AFE2FBB2D,GUARD OF THE GRYPHON PALACE
263223126,93AA48DEB0054F52AB171543DA5F9F02,Epic,93AA48DEB0054F52AB171543DA5F9F02,MARVELLOUS MAPLE BOW
796437580,0D2D477A59924642BD6D731F2B2B8531,Epic,0D2D477A59924642BD6D731F2B2B8531,VENOMSHARD DIRKS
16870326,10C891AAC6CF46D1BD1A76F7A762FD67,Epic,10C891AAC6CF46D1BD1A76F7A762FD67,GILDED BATTLEHAMMERS
1294117607,507C01BE5FB54C4AA7BDACCBE8A2F2A3,Epic,507C01BE5FB54C4AA7BDACCBE8A2F2A3,SILVER STEEL JAVELIN
1791174757,529084ACA3714AFA9354E3B7524105A1,Epic,529084ACA3714AFA9354E3B7524105A1,QUICKBLADES OF THE GOLDEN FLAME
292783037,439D684545F8435CA4F9654FADB25A2C,Epic,439D684545F8435CA4F9654FADB25A2C,CODEX ARCANUM
2096440490,959BC521EAA64967BC8DAD5F9FF48766,Epic,959BC521EAA64967BC8DAD5F9FF48766,SHIMMERING CLAYMORE
733953288,3FDE97527C1B476EBDF26C437227A957,Epic,3FDE97527C1B476EBDF26C437227A957,GAUNTLET OF ZOGAN THE BLACK
1284662293,B0422A9890D040DAB30685FB8A8A9D85,Epic,B0422A9890D040DAB30685FB8A8A9D85,GLORIOUS SAPPHIRE BATTLE AXE
1417195560,07892BAC61544BE393B94C2929BCA3C9,Epic,07892BAC61544BE393B94C2929BCA3C9,RELIC OF THE SUN EATER
637986532,16C5BB85837F4B89BA3DDCB3A7A9FAD3,Epic,16C5BB85837F4B89BA3DDCB3A7A9FAD3,GILDED NIGHTFALL SHOOTERS
1530608179,A2056109CBE0417ABFC4DE15DF6F7F86,Epic,A2056109CBE0417ABFC4DE15DF6F7F86,OBSIDIAN RAVAGER
738628949,439CF9AC6D314A5989F83CF49D6A0BAF,Epic,439CF9AC6D314A5989F83CF49D6A0BAF,PANTHER BLADES
887327844,FD094908549C42CB957A3928641876E8,Epic,FD094908549C42CB957A3928641876E8,AZURE KATAR
404489580,86C729F6A63C4FD2B9FA510B624639B4,Epic,86C729F6A63C4FD2B9FA510B624639B4,HAND OF THE SEER
6549460,797E9D3BBA6C4394AF0920FAABD778F6,Epic,797E9D3BBA6C4394AF0920FAABD778F6,STAFF OF THE GOLDEN SERPENT
1178908172,6C42BAA65D5948488FA2059892EA0C2C,Rare,6C42BAA65D5948488FA2059892EA0C2C,TRIBAL FUR BRACERS
292521522,CE5FC87A05F94EBFBECE6B25A3805F08,Epic,CE5FC87A05F94EBFBECE6B25A3805F08,TROLOBIAN IMPALER
1720341497,C608FBEEF33A47A78F4DB6338AA0DA42,Epic,C608FBEEF33A47A78F4DB6338AA0DA42,ICY BOLT THROWER
1876182499,AD0EED9D405F467F90EEB35C89F15F5B,Epic,AD0EED9D405F467F90EEB35C89F15F5B,CHILLING SICKLE
1536301605,CC77D61818534318B6D69422441AF4E7,Epic,CC77D61818534318B6D69422441AF4E7,CORRUPTED AMBER STAFF
1445803626,1A9B6E7C14B64464BC73E5D94CEB924F,Epic,1A9B6E7C14B64464BC73E5D94CEB924F,CHILLING DEATH STAFF
1319265140,6BA169828D4A4022A9E28C261A605866,Epic,6BA169828D4A4022A9E28C261A605866,WINTER'S ESSENCE
175987216,9A74FE3640AC4FACAFAECDD793802DC2,Epic,9A74FE3640AC4FACAFAECDD793802DC2,NIGHTWING
858234452,8C3FE0E9C0EF4B43A87D178DA96FD59D,Epic,8C3FE0E9C0EF4B43A87D178DA96FD59D,SILVERDEEP COURT STAFF
2001525608,405CCBA8E3AE459E85D9A42CA575D04B,Epic,405CCBA8E3AE459E85D9A42CA575D04B,RUNIC LAUNCHER
1903039543,CC73892218C342D890452ECDAB58F95D,Rare,CC73892218C342D890452ECDAB58F95D,IVA'S THOUGHTFUL GIFT
1597219157,562561B10EE44BF9B34B8EEDB678D123,Epic,562561B10EE44BF9B34B8EEDB678D123,FROZEN ROSE STAFF
863234132,F4A0EEF345254670AA42C97F4EAFB22B,Epic,F4A0EEF345254670AA42C97F4EAFB22B,THE EVIL EYE BINDINGS
1885791816,FD4C3B8D3ED542C28D5D8B53B8816CF8,Epic,FD4C3B8D3ED542C28D5D8B53B8816CF8,TRIBAL DISC
845899388,6DD5AC7D23094C1B9C4E66238B0B2EE9,Epic,6DD5AC7D23094C1B9C4E66238B0B2EE9,VENOMOUS PENETRATOR
111278910,7D9DE4D174F444D49C109F5203B7AAF8,Epic,7D9DE4D174F444D49C109F5203B7AAF8,GEMS OF INSIGHT
1233902856,4B6A35774D074246A3F9BB64E258B9AD,Epic,4B6A35774D074246A3F9BB64E258B9AD,LUNAR DYNASTY SWORD
1099814550,B18D40982EA541EAB9F1D5A332796751,Epic,B18D40982EA541EAB9F1D5A332796751,MIGHTY DUMPLING
508618802,5C40D8F20FA74AAA890932D47B50554C,Epic,5C40D8F20FA74AAA890932D47B50554C,HALLOW'S GUARD
808086187,82C0CEF131C34F539BEEDAB34259D2E8,Epic,82C0CEF131C34F539BEEDAB34259D2E8,UNHOLY HUNGER
1188254137,7F01A872AB3A47FDAF5CA3A55BE1F078,Rare,7F01A872AB3A47FDAF5CA3A55BE1F078,CRIMSON SHADOW BLADE GLAIVE
418518110,6FA076B29D174B778156C478737CBA40,Epic,6FA076B29D174B778156C478737CBA40,DEVIL'S TOUCH
912408301,D03EFB9E21BB482F8337E60320D6948C,Epic,D03EFB9E21BB482F8337E60320D6948C,CHILLING REAPER
696115546,A81187FB5828436C8ED4C2FD26ED1B40,Epic,A81187FB5828436C8ED4C2FD26ED1B40,ICE BLASTER
1896922505,E7C923AACEEF4DFAB3B1DE77D7956EEE,Epic,E7C923AACEEF4DFAB3B1DE77D7956EEE,SCEPTER OF THE DARK ONE
177447353,D0A3821F31C747E8B7CDAE01EA91D038,Epic,D0A3821F31C747E8B7CDAE01EA91D038,ARCTIC ALPHA BOW
265365575,76162C75D5234F5292CB582953E10ACD,Epic,76162C75D5234F5292CB582953E10ACD,FREEZING TOUCH
2088268574,66B56F72EAD341718B9868C22158E33C,Epic,66B56F72EAD341718B9868C22158E33C,ARCTIC GUARD
1987631431,2AEA55249F7F4ACEAE189F4F3E8C0328,Epic,2AEA55249F7F4ACEAE189F4F3E8C0328,FROZEN BLADE
971042767,905A27886879496B92EFDD07520163C3,Epic,905A27886879496B92EFDD07520163C3,FROSTY CUFFS
1867024158,8CAD2D739253419F849458EDF230969B,Epic,8CAD2D739253419F849458EDF230969B,RUNE SHIELD
937743704,362015F7B3A84DCCBDE71DA4D09CD878,Legendary,362015F7B3A84DCCBDE71DA4D09CD878,DANGEROUS BLITZBOLT
1741279215,0D97B180C56B420CA8CC9C5D2BF85459,Legendary,0D97B180C56B420CA8CC9C5D2BF85459,VICIOUS BLITZBOLT
51549563,E98E575235C24972928AC50724583264,Legendary,E98E575235C24972928AC50724583264,MOON SPLITTER
643414131,D8345DC1A6F74113832E3E1E4259392F,Legendary,D8345DC1A6F74113832E3E1E4259392F,HELL SPLITTER
1523581278,03A59A03FA50475F8ECD4B1C276BA620,Legendary,03A59A03FA50475F8ECD4B1C276BA620,BONE HIVE STAFF
716058445,CADA4502C50E460D8D9819F8C43431A6,Legendary,CADA4502C50E460D8D9819F8C43431A6,AMBER HIVE STAFF
1503831650,CB58F9B0E04E48B48D99D058F7C9C784,Legendary,CB58F9B0E04E48B48D99D058F7C9C784,ESSENCE OF LIGHT
1430814403,5196D39947C04AF3A32F248CF0874F0E,Legendary,5196D39947C04AF3A32F248CF0874F0E,HELLFIRE SPHERES
409557280,28A2CC6E377A429998D23D15DC0D8BDF,Epic,28A2CC6E377A429998D23D15DC0D8BDF,STAFF OF THE FROZEN STAR
1925999148,6F76CE27B3704B098A9AEA9ABCE6269B,Legendary,6F76CE27B3704B098A9AEA9ABCE6269B,ARCANE BEAST
1472276591,4355A9FC2D3A420D877DD3883919DD7E,Legendary,4355A9FC2D3A420D877DD3883919DD7E,GOLD PLATED ROAR
705121064,9D82A1819BA1430DADF6F1DDE6924AA3,Epic,9D82A1819BA1430DADF6F1DDE6924AA3,ICY SNOW FLAKE
1913960046,EFAA4C60FB5C4258A28BEC2A0580CA83,Legendary,EFAA4C60FB5C4258A28BEC2A0580CA83,PERFECTION IN PINK
1183395647,3587133F845440D7A098CD537F24A283,Legendary,3587133F845440D7A098CD537F24A283,PERFECTION IN RED
1138349376,5688FEF02A76410EB211937F582BE5BB,Legendary,5688FEF02A76410EB211937F582BE5BB,SMELLY FISH N FIST
1141397546,B71EC71880794A0D9CB340613AD6FF8D,Legendary,B71EC71880794A0D9CB340613AD6FF8D,SOULLESS FISH N FIST
2107297305,B6752392FA38420381033BB374C12440,Legendary,B6752392FA38420381033BB374C12440,OBSIDIAN RAILGUNS
706854042,12F2AA0752BD4579A6E3196AA2DCCD1F,Epic,12F2AA0752BD4579A6E3196AA2DCCD1F,FROST RAVEN
1845325062,99C94447B2364283A7AA421C4ED38217,Legendary,99C94447B2364283A7AA421C4ED38217,SUN KISSED BEAST
31028573,E73B32D20D6B400BA4923C9DF944050C,Legendary,E73B32D20D6B400BA4923C9DF944050C,RADIANT RAILGUNS
1790919453,BFDE3710D4714E9B87834FCE34C3B3AA,Rare,BFDE3710D4714E9B87834FCE34C3B3AA,TRIUMPHANT WAR MACE
2102137837,3352E62E2DBB4FCB8200074863570AB5,Legendary,3352E62E2DBB4FCB8200074863570AB5,RADIANT TIME BENDER
521882684,96CD8E8737C24F2EB91A75D136B57A7A,Epic,96CD8E8737C24F2EB91A75D136B57A7A,MACE OF HEAVENLY STRENGTH
316291888,599CB666BE934CFA8B0F6E2958F7649E,Common,599CB666BE934CFA8B0F6E2958F7649E,DARK TATTOOS
2106755996,168235992F11490F8D112745770FEA93,Epic,168235992F11490F8D112745770FEA93,RUNIC CHRONOGRAPH
296620368,16751CA4F74C40FAB69377DF4DE2FA3E,Rare,16751CA4F74C40FAB69377DF4DE2FA3E,DRAGON WAND
363267025,EF81B6D4C26E4A93A949BB04E75FF78F,Epic,EF81B6D4C26E4A93A949BB04E75FF78F,GIFT OF COMPANIONSHIP
559879834,619F90B6ECED47408FDC15C54FA39698,Epic,619F90B6ECED47408FDC15C54FA39698,SCEPTER OF WINTER
1230660138,4C805DB2303E46CA90832742DE1A1366,Epic,4C805DB2303E46CA90832742DE1A1366,BRANCH OF THE WISH TREE
1941315613,BA6569CBA1644C01953B1B0C1407F748,Epic,BA6569CBA1644C01953B1B0C1407F748,CHILLING DELIGHT
297269097,EE7FCFF40C9A4E79A39A34224E31979A,Epic,EE7FCFF40C9A4E79A39A34224E31979A,FROST BLADES
1867825683,AC37BCF042A24539A8058DF644AD0975,Epic,AC37BCF042A24539A8058DF644AD0975,JADE CRUSHER
1609554712,57C792CC9CED4EA19CFC7E2D7959DB80,Epic,57C792CC9CED4EA19CFC7E2D7959DB80,DIVINE DRAGON SHIELD
1163464707,3B5826F60B744C8A832D4564EE87AEC6,Epic,3B5826F60B744C8A832D4564EE87AEC6,LOTUS BINDINGS
2120560665,84BE490312B047EE871E3709234EE73B,Epic,84BE490312B047EE871E3709234EE73B,ARCTIC HAMMERS
1010514858,89418BC68CC043D2ACF3E60FD1161D43,Epic,89418BC68CC043D2ACF3E60FD1161D43,WINTER SPIRE
693621894,496B6996D47F4747B3D94BDC857AA828,Epic,496B6996D47F4747B3D94BDC857AA828,CHILLING SNOW GLOBE
1847441278,409483BC1C5C4151BB1E55E3E9BA9D28,Epic,409483BC1C5C4151BB1E55E3E9BA9D28,FROST SPEAR
10666209,FAB26F208FD64D41A1CE22FA9880C544,Legendary,FAB26F208FD64D41A1CE22FA9880C544,CORRUPTED DOOM CUFFS
615028924,4BCDDBD798224494878CCE4D6CCC834A,Legendary,4BCDDBD798224494878CCE4D6CCC834A,DIVINE FAITH
1704662502,83ED475735854A4A8E68DD35413F6725,Epic,83ED475735854A4A8E68DD35413F6725,NOBLE WAR SPEAR
1293370509,5C619EBB47FD49738E6879B2FA7F86CD,Epic,5C619EBB47FD49738E6879B2FA7F86CD,FROZEN PHOENIX
1356542872,4683C7D381CD4885BA2DD90805195BDA,Legendary,4683C7D381CD4885BA2DD90805195BDA,WOODLAND BEAST
601910818,60F8EB1EB49D4BB8AE66ECFF81382452,Epic,60F8EB1EB49D4BB8AE66ECFF81382452,GOTHIC SCEPTER
978405210,2D902E7FE08245A6BCEABD8593670538,Epic,2D902E7FE08245A6BCEABD8593670538,FROST GIANT SKULL
1612431169,94BD901FC6014122937D2CF048868374,Legendary,94BD901FC6014122937D2CF048868374,CYBERNETIC TWINBLADE
655426586,D17EE6C9C6EB409295D7D0BC815F0D24,Epic,D17EE6C9C6EB409295D7D0BC815F0D24,ARMAMENT OF THE DRAGON TURTLE
1429431497,DE5036A5AEF1432EBA2CCB0272E13AA2,Legendary,DE5036A5AEF1432EBA2CCB0272E13AA2,JADE MASTER SPEAR
396974130,79F0F232256D490B96BEB13660DC30CB,Legendary,79F0F232256D490B96BEB13660DC30CB,ROYAL MASTER SPEAR
707580969,AFDCA6F7A8714E0BAE7479F250CDDBA3,Legendary,AFDCA6F7A8714E0BAE7479F250CDDBA3,TWINBLADES OF THE MISTWALKER
1841603827,06B0116B8F924B6DA0449EAA22188E1F,Legendary,06B0116B8F924B6DA0449EAA22188E1F,CHARGED TWINBLADE
474031545,3566767A913344A28FEDF696A6B73AB7,Legendary,3566767A913344A28FEDF696A6B73AB7,ARBOREAL SPIRIT
1723511959,FA0192E71FC6485B8AC34D05F36832F2,Rare,FA0192E71FC6485B8AC34D05F36832F2,INFINITE SAND
1128832566,F747375C0C8348EEA719B4BDA42832B1,Legendary,F747375C0C8348EEA719B4BDA42832B1,THE BOUND WICKEDNESS WITHIN
541435161,29B95BA5DBA940F3BA780053A4F94441,Legendary,29B95BA5DBA940F3BA780053A4F94441,JADE DRAGON BLADE
517809219,A7195031D2174E5282D3FD25EF892C22,Legendary,A7195031D2174E5282D3FD25EF892C22,DEADLY CLAWS OF HORROR
85198903,1972F6CD88BE4A118E59C30B50095627,Legendary,1972F6CD88BE4A118E59C30B50095627,DEADLY CLAWS OF DOOM
2137043424,4E2F9198162F46D7BF7ABA76CF618ABC,Legendary,4E2F9198162F46D7BF7ABA76CF618ABC,REINFORCED BONE BREAKER
442427224,4932B871F62B42AA86F41A0C2B7F3B49,Legendary,4932B871F62B42AA86F41A0C2B7F3B49,THE INFERNAL BANE WITHIN
1926050503,C15C23E71FD845CCB8C50B5EA177FAC6,Legendary,C15C23E71FD845CCB8C50B5EA177FAC6,BLACK BANNER ARMS
1706721400,9FF955D607AD469B8C4872D6FE52F591,Epic,9FF955D607AD469B8C4872D6FE52F591,UNHOLY SCYTHE
1339352307,7047358611684D9EA984E8D904784B8B,Legendary,7047358611684D9EA984E8D904784B8B,IVORY BANNER ARMS
153990541,87AD67CD542143149072F3CE198A217C,Epic,87AD67CD542143149072F3CE198A217C,AXE OF THE NIGHT SKY
831093530,492AF5A1C9D6438A98DC1C478EEA571B,Epic,492AF5A1C9D6438A98DC1C478EEA571B,THE GUARDIAN SPEAR
904782292,E9474F68ABC54166B9DE20990AADA632,Epic,E9474F68ABC54166B9DE20990AADA632,CHROMA BLASTER
1754620241,A3E3097633D94ED9A6DCD28B017CCE08,Epic,A3E3097633D94ED9A6DCD28B017CCE08,STAFF OF THE OASIS
1613815505,2A73D7AAF29E462EA853A09501981901,Epic,2A73D7AAF29E462EA853A09501981901,OTHAGUR GOREMAUL
128534867,6B309653B6BE4E62A0C5165EE48B3AB8,Epic,6B309653B6BE4E62A0C5165EE48B3AB8,HARPOON LAUNCHER
1807435018,3FE03683EA4D45B5B72CDC9541B60275,Epic,3FE03683EA4D45B5B72CDC9541B60275,TEMPLAR'S BATTLEHAMMER
859889709,CAD3B6936C8E443490A79BCE73FF23FA,Legendary,CAD3B6936C8E443490A79BCE73FF23FA,STORMBRINGER BRACERS
915045706,532FA040C14249B8ABF728183396897B,Legendary,532FA040C14249B8ABF728183396897B,ENZAN FORCE REAVER
615387703,62613C9006924C09BD1BF3DB899C2BFD,Rare,62613C9006924C09BD1BF3DB899C2BFD,METEOR CARVED PROTECTORS
1983510985,FEDAC2AA702F4566AEDC31D619CA262E,Rare,FEDAC2AA702F4566AEDC31D619CA262E,MACKEREL MASHER
1447270541,6B405F55A41847CEA1FD8E3AEEB613D7,Epic,6B405F55A41847CEA1FD8E3AEEB613D7,SHADOWSTEEL BLADE
1434218308,CFFB17650A4E41079F75460FB4771045,Legendary,CFFB17650A4E41079F75460FB4771045,ARCANE BUNNY CROSSBOW
1187123591,853EF53637BC46C89641D3078C90DAA6,Epic,853EF53637BC46C89641D3078C90DAA6,HYPNO-GUN
951797286,D468B1D549FF4502A867B298B882C426,Epic,D468B1D549FF4502A867B298B882C426,JESTER KING SCEPTER
803827659,1F7F28490A4F4276A20EA38ED47D1614,Legendary,1F7F28490A4F4276A20EA38ED47D1614,FROG PUPPETS
1135172254,D901985EBDA64F76BBEB3F122BD53042,Epic,D901985EBDA64F76BBEB3F122BD53042,FIERCE SILVER SPEAR
1961152028,D494DF8190B3493FB87D24DA1603A34C,Legendary,D494DF8190B3493FB87D24DA1603A34C,RADIANT DRAGON BLADE
67937388,319B709A0076451A89112C8A25679F91,Legendary,319B709A0076451A89112C8A25679F91,LETHAL POWER CONDUCTORS
2012125818,A94F5D8C07A84911B33FBA2BF8616357,Rare,A94F5D8C07A84911B33FBA2BF8616357,SAPPHIRE RAM SKULLBASHER
1117636215,CA1294F93BC04A2DA6FFE5AA8A1DED6A,Epic,CA1294F93BC04A2DA6FFE5AA8A1DED6A,RAZORWOOD BOW
694884979,961FF9FC8EBD4BB7BEF4A17C5C277448,Epic,961FF9FC8EBD4BB7BEF4A17C5C277448,THE ROYAL FISHSTICK
498659006,8FEDF4C09AEE4084A3F7B726290C2A12,Epic,8FEDF4C09AEE4084A3F7B726290C2A12,HEAVY METAL SHREDDER
1038925726,38AE964588694F6D9CC082C71F5D5984,Epic,38AE964588694F6D9CC082C71F5D5984,HOURGLASS OF THE TRINITY
781466492,67B1D53644DF4E9AA01688A6828D8DEE,Legendary,67B1D53644DF4E9AA01688A6828D8DEE,ARMORED BONE BREAKER
991766716,7B07A663520E4D3A9D729E4A4A829B3F,Legendary,7B07A663520E4D3A9D729E4A4A829B3F,ION CANNON
354711799,FA1DA305ACD248C484D85203EF90D2E6,Epic,FA1DA305ACD248C484D85203EF90D2E6,UNDERWORLD HOLLOW
1419265152,88C3F5A9F3D24F469574ACD99852293D,Legendary,88C3F5A9F3D24F469574ACD99852293D,THUNDERTRIBE BARBELL
228104424,C4B49A9916D74D858E4F6FFD6299FEC5,Epic,C4B49A9916D74D858E4F6FFD6299FEC5,BLADES OF THE TIDEBEAST
1232262646,DAD4E42177DD4B43A2EFECAD90B07986,Legendary,DAD4E42177DD4B43A2EFECAD90B07986,TWINBLADES OF THE SPECTRE
945883467,B054569690C84EB0A68DD4C4BACD6376,Legendary,B054569690C84EB0A68DD4C4BACD6376,DARK POWER CONDUCTORS
1792791461,40EB0B44D75842A896239DB3F1F29FF8,Legendary,40EB0B44D75842A896239DB3F1F29FF8,ARCANE SPIRE
1166349967,CD8CF554A290413D8CFA9E4CE6C2F1DC,Epic,CD8CF554A290413D8CFA9E4CE6C2F1DC,BREATH OF THE DRAGON TURTLE
1646731094,46124F206B78499E8A73AE49BA014ABA,Legendary,46124F206B78499E8A73AE49BA014ABA,DARK AQUARIUM STAFF
1022034487,F681F741DE4B49C3A229AE62918E191D,Legendary,F681F741DE4B49C3A229AE62918E191D,DARK SPIRIT
1913874694,5CA627EF8C9A46FFA45A5952B8D21CDC,Epic,5CA627EF8C9A46FFA45A5952B8D21CDC,BRINGER OF BROODING
1744532853,CB8496062D28457E86A00F4D0265E928,Legendary,CB8496062D28457E86A00F4D0265E928,THERMAL DISINTEGRATOR
2013177533,721355F1890C4B339F1ED47855941FF5,Legendary,721355F1890C4B339F1ED47855941FF5,DRAGON'S CLAW
2034445127,B0935126187F4C22BBCA104BBDCCC306,Legendary,B0935126187F4C22BBCA104BBDCCC306,TOXIC DEATHBLADES
1347897783,7A3E06405E614737A60822ABE78ADAB6,Legendary,7A3E06405E614737A60822ABE78ADAB6,WOODLAND FORGE CONDUCTORS
924754195,35DFCB6FB20749278F18AF9CF39BC6FB,Legendary,35DFCB6FB20749278F18AF9CF39BC6FB,PLASMA DISINTEGRATOR
265237433,445E25E6649F4581B8FF722A34D86BDA,Epic,445E25E6649F4581B8FF722A34D86BDA,GLORIOUS SERPENT CANE
1605390370,4BDFB483F097443797CA3301CC82DD32,Legendary,4BDFB483F097443797CA3301CC82DD32,ROYAL WIZARD'S SPIRE
2034727493,45EC0632E6324272ACEBF62201433727,Legendary,45EC0632E6324272ACEBF62201433727,IMPERIAL AQUARIUM STAFF
1252081372,50543A07B7FE4B1BBAE94CCE65CD8299,Legendary,50543A07B7FE4B1BBAE94CCE65CD8299,SILVER TIME BENDER
147338855,981F0D4AD2694B1EB7697D1D842AAA85,Epic,981F0D4AD2694B1EB7697D1D842AAA85,DARK RETRIBUTION
1113028954,C6BE8D1DF5B94BEC815ABC9A44B2E15E,Epic,C6BE8D1DF5B94BEC815ABC9A44B2E15E,PROTOTYPE #1
1532047137,6CDBBF56ECC0482C8E55596725B4ABB3,Legendary,6CDBBF56ECC0482C8E55596725B4ABB3,FROST WYVERN'S CLAW
249358528,E60A3E38315D4BB395D1C27F6EDF25DB,Rare,E60A3E38315D4BB395D1C27F6EDF25DB,DORHAZAN'S GAMBLE
495162621,2CED03A2CCF24CF7926A1C596A1EB00F,Epic,2CED03A2CCF24CF7926A1C596A1EB00F,BLUNDERBUSS PISTOLS
1167588787,9E3AA01D5FDD495F8836E2539F96D774,Epic,9E3AA01D5FDD495F8836E2539F96D774,GLOWING SICKLE
1858620559,975E71413D344ECEBF87ECD749C9B830,Legendary,975E71413D344ECEBF87ECD749C9B830,MEOWCHINE GUN
267867392,061AEA879D8C4C4CB797DCDB4CCE4F29,Epic,061AEA879D8C4C4CB797DCDB4CCE4F29,BRACERS OF ARAZ
706399406,E9D3F8159B4F4473A4CFEAB11267FA88,Epic,E9D3F8159B4F4473A4CFEAB11267FA88,STALWART GUARD
236209145,0F3C1DD4A24544719EF9224FB81B54DD,Legendary,0F3C1DD4A24544719EF9224FB81B54DD,THE LONG GRASP OF DARKNESS
1969554128,E5AEFCBC7E0F4D6CBEF054F6780DBC0F,Epic,E5AEFCBC7E0F4D6CBEF054F6780DBC0F,ROYAL RUBY BRACERS
2071126036,7CB5F3F419F449EFB0D0801665613584,Legendary,7CB5F3F419F449EFB0D0801665613584,CRIMSON REAPER
1543522384,E8B8569934604F03A8A5678163C11A9A,Rare,E8B8569934604F03A8A5678163C11A9A,VENOMOUS ARMOR
1940236154,7F04573BD61B47038CDFE02FB001AA47,Epic,7F04573BD61B47038CDFE02FB001AA47,SICKLE OF THE CONSTELLATIONS
1905722184,8DB7E0CD84FC4002A830B967F8D726EC,Legendary,8DB7E0CD84FC4002A830B967F8D726EC,VENOMOUS DEATHBLADES
856271838,478FFB4583114C928DF4147D4D361CEC,Legendary,478FFB4583114C928DF4147D4D361CEC,ANCIENT SERPENT CONDUCTORS
558075195,AB5583AA435C4AEDB9228C2638DE5B40,Rare,AB5583AA435C4AEDB9228C2638DE5B40,VENOM GRIMOIRE
1841675430,16E24B270664423C88B293615243E269,Epic,16E24B270664423C88B293615243E269,PUMPKIN SPEAR
224979643,B17D7559660A4584BF375785C4520160,Legendary,B17D7559660A4584BF375785C4520160,PLAGUE DOOM CUFFS
2000719148,A62A943A2C6B4AFCB3E1734F96CF8C30,Epic,A62A943A2C6B4AFCB3E1734F96CF8C30,VESPERTILIO STAFF
187844302,D7BDF2469BF64DFD8AAE439C986D7567,Epic,D7BDF2469BF64DFD8AAE439C986D7567,BREATH OF THE PHOENIX
11068112,4C7687A3893142EFA915F4C7D7741C0B,Epic,4C7687A3893142EFA915F4C7D7741C0B,DUSKWOOD SCEPTERS
1168670486,EEE97C4B932B48F589DDF6C2172D4324,Epic,EEE97C4B932B48F589DDF6C2172D4324,PALACE HALBERD
1924302512,287ECB59B94149D7B196EBD96D47D37B,Epic,287ECB59B94149D7B196EBD96D47D37B,JADE BLADES
568810007,C018EC6EE0324B58948BB735323F0E7E,Epic,C018EC6EE0324B58948BB735323F0E7E,THE DRAGON'S ARSENAL
755304282,384E432D82F947C09F2E10F7FA7DDAE4,Legendary,384E432D82F947C09F2E10F7FA7DDAE4,BLIGHTED REAPER
333024768,5D042D66252D42B4A7DC7624001B8D0A,Legendary,5D042D66252D42B4A7DC7624001B8D0A,AZURE DOOM CUFFS
247196529,F6D13065A3C14AAD98ECFF0C5C040F83,Epic,F6D13065A3C14AAD98ECFF0C5C040F83,SEA GOD STAFF
455860005,0127BC92669249FABB502B946F7297E6,Epic,0127BC92669249FABB502B946F7297E6,FROSTY BOOMSTICK
1217077714,4796D376F87448E08A5DEF9BBEE3C737,Epic,4796D376F87448E08A5DEF9BBEE3C737,HEAVENLY KOI FISH SLICERS
2139335727,7CB5AD97DB054F4AABCCA0B5642CFDB0,Rare,7CB5AD97DB054F4AABCCA0B5642CFDB0,STAFF OF REJUVENATION
736698003,DCB97992285C41D4859E53670D18BBB2,Epic,DCB97992285C41D4859E53670D18BBB2,FESTIVAL MASK
4713131,5B5DE8C589E944AEBF36B2F0609E87FC,Legendary,5B5DE8C589E944AEBF36B2F0609E87FC,LEVIATHAN'S WRATH
1176997857,E7CCDD451BCE440A8128B53E7E04B2BB,Epic,E7CCDD451BCE440A8128B53E7E04B2BB,PIA STAFFADA
847724909,DBDAB09CA60141A387975C92473F2337,Rare,DBDAB09CA60141A387975C92473F2337,HEARTY SNACK
793729376,8D9917BE9562403AB512D16013D88864,Epic,8D9917BE9562403AB512D16013D88864,TIME-KEEPER PUPPET
1580672217,E9E1E777391D401F822FE1470F7BE49E,Epic,E9E1E777391D401F822FE1470F7BE49E,MACE OF THE HEART-KNIGHT
1200446653,1AEC8202F33E47F89C4A0E942DFD7E44,Epic,1AEC8202F33E47F89C4A0E942DFD7E44,RUBY FLAME SWORD
721000690,E77C10321DD74E2C874F497176F1BEDA,Legendary,E77C10321DD74E2C874F497176F1BEDA,ANCIENT ADDER CONDUCTORS
802916827,CDFF6764B21B492181B413274D990E30,Rare,CDFF6764B21B492181B413274D990E30,DUAL BLADES OF THE WIND
1256957415,8CB8E4A5D2F84B0382E30D6AEF461A88,Epic,8CB8E4A5D2F84B0382E30D6AEF461A88,WIND DANCER BLADE
262429161,2BBFBE0453394214865140DB033F2A06,Rare,2BBFBE0453394214865140DB033F2A06,DARK SPIRAL CONDUCTORS
1084800934,F356A4E7A57A4265B1C7F10CFEDBA308,Rare,F356A4E7A57A4265B1C7F10CFEDBA308,DEADLY BONE CRUSHERS
1572969980,618FBCD6F0B74E0EA5358D3060A0FCB2,Epic,618FBCD6F0B74E0EA5358D3060A0FCB2,BUTCHER'S BLADES
122476205,0E7C3E9C30864D36832E7D35AEBA2119,Epic,0E7C3E9C30864D36832E7D35AEBA2119,FROZEN TIME
1814950725,AC4B84D481EC4C1298DD374454180E28,Epic,AC4B84D481EC4C1298DD374454180E28,SILVER BLADEWEAVER
1958527946,E8CAA0580A6346A395DEB74C484DBEE8,Legendary,E8CAA0580A6346A395DEB74C484DBEE8,MERCILESS CONVICTION
1865224778,6958AA8B905C4DEDA0561264AF71819F,Common,6958AA8B905C4DEDA0561264AF71819F,DARK SUMMONING
1179594380,24471E1360DA4AE29F577F181B0D04F2,Rare,24471E1360DA4AE29F577F181B0D04F2,CORRUPTED GRIMOIRE
2129673596,716C4577B2064EC69027BCE211241E3E,Epic,716C4577B2064EC69027BCE211241E3E,PALE TOME OF CONSUMING
2047902182,3B692B39A9D8405D94297B110B0D1238,Legendary,3B692B39A9D8405D94297B110B0D1238,STONY FORGE CONDUCTORS
207609606,A5E0B59C7BA744D4A20B5B8F033B3A9B,Rare,A5E0B59C7BA744D4A20B5B8F033B3A9B,STEEL DADAO
1492464770,80726D15711C4580B6660091C37DBE75,Epic,80726D15711C4580B6660091C37DBE75,MACE OF THE FROST BEAST
1236947658,2FA30A60A8A2487CB805ECF888463BFC,Epic,2FA30A60A8A2487CB805ECF888463BFC,HELLSTEEL BRACERS
1590586691,CD1DADEB8D1645EFA1EA2BF84AB46236,Legendary,CD1DADEB8D1645EFA1EA2BF84AB46236,OBSIDIAN PLATED ROAR
1375695345,293DA65D0146418888E95FF72C0B685D,Common,293DA65D0146418888E95FF72C0B685D,JADE SWORD
1599045119,0388D5266895486DA88EF16007F1F0A1,Rare,0388D5266895486DA88EF16007F1F0A1,BLUE CARVING ROD
185415261,6FE7B78A9D2C4C5BBBB510FDA7D7D485,Epic,6FE7B78A9D2C4C5BBBB510FDA7D7D485,FROSTY ARSENAL
554478717,54F5E2E5E52D4CFBBDDEA56DAFD52810,Epic,54F5E2E5E52D4CFBBDDEA56DAFD52810,SCORCHED MASKED CUFFS
1183672936,4F3A446BF15E417BB85BE2060FF22939,Epic,4F3A446BF15E417BB85BE2060FF22939,STEEL MASKED CUFFS
1389495379,21CE898F9D3F4A1CB3687AD39CEEF396,Rare,21CE898F9D3F4A1CB3687AD39CEEF396,CEASELESS SAND
157653444,8FF80513309D4A29886D5C7EC96FE5A6,Rare,8FF80513309D4A29886D5C7EC96FE5A6,IRON PAIN DEALER
2098847255,A6D619037F0C4363BD8F0F2B187AEFEC,Common,A6D619037F0C4363BD8F0F2B187AEFEC,SACRED BONE SICKLE
1482262541,E5D0F1FD9D524D0C870768F3731A829C,Common,E5D0F1FD9D524D0C870768F3731A829C,NOBLE BRACERS
1134277394,5160C9A0C8B1436385E21741A3F9451F,Rare,5160C9A0C8B1436385E21741A3F9451F,ASH ARBALEST
1825199069,E25D2365B4E6458F8C64FD98093F0C64,Epic,E25D2365B4E6458F8C64FD98093F0C64,SILVER MAPLE STAFF
1925124196,AA82A0C2C1E142C2A506C34CCE33301C,Rare,AA82A0C2C1E142C2A506C34CCE33301C,RANGER LOADOUT
180249355,3A6A32C8548D4ECC98DD551B840D3732,Rare,3A6A32C8548D4ECC98DD551B840D3732,ROD OF AMAZEMENT
381531726,1B169516001140A7BB0E13139F847893,Rare,1B169516001140A7BB0E13139F847893,MYSTIC GOLD CONDUCTORS
1209925042,3AB15A20BB2B49EA901C37A5169C2040,Epic,3AB15A20BB2B49EA901C37A5169C2040,WINTER'S EDGE
590977666,6099301E62EE4A9F96276FB6D0D9A304,Common,6099301E62EE4A9F96276FB6D0D9A304,HORRID CORRUPTION
564009924,80A8B5832BD349B493AC840A388A7149,Rare,80A8B5832BD349B493AC840A388A7149,MYSTIC NOBLE CONDUCTORS
866601565,1E844B9A11174D89B8317A1310B12A16,Legendary,1E844B9A11174D89B8317A1310B12A16,ANCIENT FORGE CONDUCTORS
1178836228,95E0A6C6F1A84D3093BEF2523C16E292,Rare,95E0A6C6F1A84D3093BEF2523C16E292,GOLD SPIRAL CONDUCTORS
1973099061,F5DB979553084F7692816B18443915E7,Epic,F5DB979553084F7692816B18443915E7,ROTTEN TOMBSTONE
1169695356,626569A72BB7439587A8E0F41105C8C8,Epic,626569A72BB7439587A8E0F41105C8C8,GOLDEN GUARD
843697711,C957D213B0C848E9B7918A41BB0260A9,Rare,C957D213B0C848E9B7918A41BB0260A9,RUSTY RIFLE
2064176684,C49FB9D633CA457B8A9BB84864F45914,Epic,C49FB9D633CA457B8A9BB84864F45914,GOLD PROTECTOR
556549694,D7DADA046BC74A1CBDEDD884038052E3,Common,D7DADA046BC74A1CBDEDD884038052E3,DEFAULT WEAPON
1191734505,9AE48E6D203949C3AD5AB670DEB39C97,Legendary,9AE48E6D203949C3AD5AB670DEB39C97,DEADLY CLAWS OF TERROR
1479772162,C6F929C95C21405F9D09494425B8A355,Epic,C6F929C95C21405F9D09494425B8A355,SOUL REAPER
565666237,F29BC87C6A0F4A8E8EF2FF172AA7E8D3,Rare,F29BC87C6A0F4A8E8EF2FF172AA7E8D3,WOODLAND LINDEN STAFF
1038629652,8CEF1F7158574F2387389E3B31BC02B0,Rare,8CEF1F7158574F2387389E3B31BC02B0,GLORIOUS WAR MACE
366116810,FDCFA05716AA4F69859EAFA5B81AE348,Rare,FDCFA05716AA4F69859EAFA5B81AE348,PALMY ARMBANDS
1348756757,65A31A9C95BC457E88D3A387839C2316,Rare,65A31A9C95BC457E88D3A387839C2316,BRONZE SCEPTER
74318452,8789D87EBB294EE3814B0EF4660DA304,Legendary,8789D87EBB294EE3814B0EF4660DA304,ANCIENT VIPER CONDUCTORS
36404258,EA426E126B89498D9A880654C6F6FBD5,Rare,EA426E126B89498D9A880654C6F6FBD5,IVA'S COURTEOUS GIFT
1766635475,88C89E7A84544A7C94BAB8732AB3FC6D,Rare,88C89E7A84544A7C94BAB8732AB3FC6D,ANTIQUE TICK-TOCK
938655276,FC0AA800269245CBA4EB224CF36FB9DF,Legendary,FC0AA800269245CBA4EB224CF36FB9DF,ROTTEN REAPER
1348639468,D7DADA046BC74A1CBDEDD884038052E3,Common,D7DADA046BC74A1CBDEDD884038052E3,DEFAULT WEAPON
188476638,D7DADA046BC74A1CBDEDD884038052E3,Common,D7DADA046BC74A1CBDEDD884038052E3,DEFAULT WEAPON
576579135,D7DADA046BC74A1CBDEDD884038052E3,Common,D7DADA046BC74A1CBDEDD884038052E3,DEFAULT WEAPON
1531193741,D7DADA046BC74A1CBDEDD884038052E3,Common,D7DADA046BC74A1CBDEDD884038052E3,DEFAULT WEAPON
1311739021,D7DADA046BC74A1CBDEDD884038052E3,Common,D7DADA046BC74A1CBDEDD884038052E3,DEFAULT WEAPON
644827116,D7DADA046BC74A1CBDEDD884038052E3,Common,D7DADA046BC74A1CBDEDD884038052E3,DEFAULT WEAPON
351952170,D7DADA046BC74A1CBDEDD884038052E3,Common,D7DADA046BC74A1CBDEDD884038052E3,DEFAULT WEAPON
1561208416,D7DADA046BC74A1CBDEDD884038052E3,Common,D7DADA046BC74A1CBDEDD884038052E3,DEFAULT WEAPON
917199776,D7DADA046BC74A1CBDEDD884038052E3,Common,D7DADA046BC74A1CBDEDD884038052E3,DEFAULT WEAPON
1182431896,D7DADA046BC74A1CBDEDD884038052E3,Common,D7DADA046BC74A1CBDEDD884038052E3,DEFAULT WEAPON
1471086839,D7DADA046BC74A1CBDEDD884038052E3,Common,D7DADA046BC74A1CBDEDD884038052E3,DEFAULT WEAPON
1174875030,D7DADA046BC74A1CBDEDD884038052E3,Common,D7DADA046BC74A1CBDEDD884038052E3,DEFAULT WEAPON
373686590,D7DADA046BC74A1CBDEDD884038052E3,Common,D7DADA046BC74A1CBDEDD884038052E3,DEFAULT WEAPON
