Avatar ID,Value,Avatar File Name
30000,DefaultAvatar,59331e63f782fb0577c46443e8b691bb
30001,Progression_Lucie,315d3ea6a2e9da53e4eb8da1dbd9279f
30002,Progression_Sirius,9e5143e5e5f34ead311bcde2c257fd97
30003,Progression_Iva,2dad3d1c9fd8db022002647f366ff1c7
30004,Progression_Jade,d54b5956f42974230dd6ee4e0cce3ac1
30005,Progression_Harbinger,e21f72576141dcb3ff57882d620e00da
30006,Progression_Oldur,abc17e693cb6007cd84f9754e0c3f0aa
30007,Progression_Ashka,7fb06a6d5a46503a7078ff92d78b8d51
30008,Progression_Varesh,8dbb38fde16d653ec255e1a8ce5f0b35
30009,Progression_Pearl,ec79afde4c6ca2985daf06ccaafc3efb
30010,Progression_Taya,f937dbf91ab524b09436fe34fd88f8b5
30011,Progression_Poloma,1bb8aba72061f640fbd83a031bc4e05d
30012,Progression_Croak,3c67931e035e3e1f90c1005022d5f100
30013,Progression_Freya,e58cb62e860073fd87077156d5168306
30014,Progression_Seeker,f3b7782f37373244fb5af6d084af115b
30015,Progression_Shifu,e76601283d31a52ba138d309604f1fd1
30016,Progression_Ezmo,320af1f71ef570827becf528b90c6496
30017,Progression_Bakko,1335a20a8e2207d08782fc1e79a3d6d4
30018,Progression_Rook,e09527132ab31d9f7523f1329d7520a3
30019,Progression_Pestilus,0bada8c4de97bdfeca66e1ea9835eade
30020,Progression_Destiny,365fa0d154d99dc9b824560ec04e13af
30021,Progression_Swordguy,f9a429c7b487e7e3ef38997b525546c2
30022,Progression_Druid,42cf53030d9e0651dc11f8dfcc60f372
30025,Progression_Thorn,165f0d149eabf43c10a0909606943e40
30035,Progression_Mirror,31d63b5f9ecc36e59355dc014ae40d59
30039,Progression_Paladin,70d5ab25d1e96e563de6473f88db0dcb
30041,Progression_FrostMage,1aea25d7288ef7c4f85c02936ab6b3bb
30043,Progression_Stalker,51a734d0cba385d6d90f08fce1c5f0ea
30044,Progression_Dragonlord,20a562dbadc20c56510668015c7f5b4d
34001,qa_avatar,5ca03bd3adaf91206ead35cac6d8029b
34501,SteamAshkaTrain,a06b2b60d00b88ad799d6b8f7a950c1a
34502,Christmas2017,f01b0b9bcd6fd414c24364720910dc1c
34503,NewYear2017,cdf50cfb1eb865ffd52c8c021bd50009
34504,Royale_Steam_01,b3659906479f46e77a03ebc59032b35d
34505,BattleriteFirstYearAnniversary,43ec64a320f7858bc4286cfd28c321c6
34506,FreeWeekRoyale,4b68ea3f6b182f1d521c71ad2deb184f
36000,Season01_Bronze,0653268589ded6fb451be16e8b6eecd1
36001,Season01_Silver,fdc9e37b8773ca49a14bdd575ab848bb
36002,Season01_Gold,0cebe7854624c25198d750f521e1f414
36003,Season01_Platinum,3190853f9dbe5606d3685ead3b9527eb
36004,Season01_Diamond,04e3f822f03bc618ce094ad82b960100
36005,Season01_Champion,5cf345a9285f7e9b3733758a4c4829a1
36006,Season01_GrandChampion,a4ea388049a85a981702379dc36f69c9
36007,Season02_Bronze,fd513768971a5c993ad7428512c60f0d
36008,Season02_Silver,c5fc957f9d7c8864eb64d4a0ffa03f31
36009,Season02_Gold,35bda69d54248d04e3b6593e5c09cd98
36010,Season02_Platinum,ddd550877e730847e22b332dc6c492a1
36011,Season02_Diamond,9309846edd898fcd320898fdd15efa40
36012,Season02_Champion,d025f0fbff096e9ff039556ac5f8f024
36013,Season02_GrandChampion,3284f6e5791084185879d3e69de0eb2c
36014,Season03_Bronze,b8550e1c1bd3e9b14c4ad747fd362694
36015,Season03_Silver,6a30d870430a6160fc9ba80e71a12c1c
36016,Season03_Gold,9c42de00b31a7b41ecf4f40a271d757a
36017,Season03_Platinum,acc921c5f84b6c30d04b92e451d70807
36018,Season03_Diamond,07b4623f7aa7cfd544bdb250b4b90b98
36019,Season03_Champion,9cd27b4e38c1cb485a700a52699a980a
36020,Season03_GrandChampion,a83a3fd34a0228002d7232d2005c6c42
36021,Season04_Bronze,239c606c99c920ace971dd6a38e57ec8
36022,Season04_Silver,c96d70705769a483feefcf0db4e2f610
36023,Season04_Gold,7baa41c6fa4bd4db6efeffa98c2cc9be
36024,Season04_Platinum,53cee9b0fc8b4c7521d28ec05585301b
36025,Season04_Diamond,57e60adf64a617d38ca858a969967c92
36026,Season04_Champion,efe2e34f823932ee87d83a74b18be16e
36027,Season04_GrandChampion,22ab3aeb1347c8b06b9af50be2e7e5df
36028,Season05_Bronze,9f84ab875f2bb4ef2b8ea7887146c6a4
36029,Season05_Silver,515180534c9387cd623a2058493d4e94
36030,Season05_Gold,9f0c230400e8297a49224cee7a62d8e4
36031,Season05_Platinum,fb7516c3a3e4e1a48fa957895296a845
36032,Season05_Diamond,6fc39f87ee013715a6d6a0985a48f236
36033,Season05_Champion,215324776cb53f18b7a7e91c4ebe0832
36034,Season05_GrandChampion,e245107db3f52838e1248d5528895272
36035,PreSeason_Bronze,2783b1cefe16003e94a79693179fd427
36036,PreSeason_Silver,e52cd70af1226759388d98883a62887d
36037,PreSeason_Gold,049fe7fb2746db0aa80ee1151338cc65
36038,PreSeason_Platinum,eeab5e42d4748747bc4a0e1f052427f7
36039,PreSeason_Diamond,5017b43584c919c8049672cf15b72fac
36040,PreSeason_Champion,c2e44f81c5398c0b82be5eb731c31a05
36041,PreSeason_GrandChampion,d047b3b9d062d504b7f974469e3402aa
36042,Season1_Bronze,3c301b89780d30f86b03ec113fe2f44c
36043,Season1_Silver,7ff9ff55329b54a78d0ac2a3d95252e5
36044,Season1_Gold,9cfe39be53c677dd6512e9ff4f74295d
36045,Season1_Platinum,d60ae4235d7dbc6edd4c7d740f274d98
36046,Season1_Diamond,628f53fe49906313d658600611fd70de
36047,Season1_Champion,914cf734108eab101912af7994f6403a
36048,Season1_GrandChampion,49b22a81b4b3bebda99fdb1de878fd1c
36049,Season2_Bronze,9aa470dadfd0a1ddec5a953072e9ff31
36050,Season2_Silver,522e1d37c48c120b3ef0cb9c262aa330
36051,Season2_Gold,4ac0334a1c5995427bf6b24b7e69c750
36052,Season2_Platinum,fd98c7ed95b82d77f4066e193453a979
36053,Season2_Diamond,43ccceb06f663cb7e41b037f3c35316d
36054,Season2_Champion,35ef0ce49d8f1618094f4e1a47464066
36055,Season2_GrandChampion,d01b2b9a5a0796cb0f1ee6b651211cd8
36056,Season3_Bronze,22368582d292802c7d520d71e5c94ee2
36057,Season3_Silver,f1896c571f06d36f2f315f1e96d94348
36058,Season3_Gold,79cd5ba3b199d686b43e50f4eace2f7f
36059,Season3_Platinum,865d8ddfe8dcb168d379712ec7a4eccf
36060,Season3_Diamond,b69c1924c4fe061ef8cf230f869ed14b
36061,Season3_Champion,46997b8341f482fde1a5860dc81d5d15
36062,Season3_GrandChampion,8e7e5eee95ed6a7349ff73991889538d
36063,Season3_Sponsor1,43441916bf167b3ca7262a3968ac4f0d
36064,Season3_Sponsor2,5026719c4cd345152f852cb2a7d89fc0
36065,Season4_Bronze,3df197bd16ae6ba7333cad653921c451
36066,Season4_Silver,fce350f4fa8b7af1786858f286da2618
36067,Season4_Gold,6c375890131b4ad6659388e078463a94
36068,Season4_Platinum,9e057a76bddc80c300a5cf10e45fcf66
36069,Season4_Diamond,507f82a155712e50e652aa8131503406
36070,Season4_Champion,446b4f58f6687c6f7f4fc8618d13298f
36071,Season4_GrandChampion,5332bc47bf8bf047db99febad5357803
36072,Season4_Sponsor1,9fbd9320aa5ad3f7ebbf951dcaba9d10
36073,Season5_Bronze,685d8ee53496f06ee226125cac4deaf0
36074,Season5_Silver,3b3e722907f1fbc022eb0f0c3a2c505a
36075,Season5_Gold,71e13429836f723cca5d5e27b72dc034
36076,Season5_Platinum,1e133572b344de80999454781bb4d4a3
36077,Season5_Diamond,ede297cbf00456def20a7e83213b4fea
36078,Season5_Champion,8d4cf8460f585c59f43abb74cfa652dc
36079,Season5_GrandChampion,06ae22925ea6c7ced29fafae478a3293
36080,ui_bps01_avatar_bronze,0fdc002937e47084ff88a82b00127b35
36081,ui_bps01_avatar_silver,41db18e8c1c5db849a9e1ea1da898bbe
36082,ui_bps01_avatar_gold,fcc4732a9bc3229cae1f03726cb70b40
36083,ui_bps01_avatar_platinum,adcb5d01c116241aef2665a48e8db9f2
36084,ui_bps01_avatar_diamond,407bd4f56dfd3a7bd38d63927c22b8b0
36085,ui_bps01_avatar_champion,e009c972b52d060ff0b6f4258a3a88ef
36086,ui_bps01_avatar_grandchampion,451fb2ded7cadbdad62b3a30ce4ef2a7
36087,ui_bps02_avatar_bronze,e29158d03964f6f4c8ab87258eecbfdd
36088,ui_bps02_avatar_silver,652c62734ec754e83ebb6b12f25b1571
36089,ui_bps02_avatar_gold,a7ee0ff630c0f83bee09a98beba89a5b
36090,ui_bps02_avatar_platinum,289a40953539271fb7488faa5d64939a
36091,ui_bps02_avatar_diamond,c4f2c2d96131b14262746d26f356097e
36092,ui_bps02_avatar_champion,d1c3f64534dcb484493d453d7723b6eb
36093,ui_bps02_avatar_grandchampion,b3e79b632a84a68a732dd6c3c9b852ac
37001,Season01_01,27faef7715dd164742030d43ff604a61
37002,Season01_02,d4b08cac9327c6ec4c7381ad8f64d182
37003,Season01_03,9c0aaf858d650cd5e11569981d534e22
37004,Season01_04,d3fa642b0edb5eb7607b2924e27b62ca
37005,Season01_05,6059a90de674754a91638ba35020d7e5
37006,Season02_01,3f959f52115a2446175c2e7abac5a95b
37007,Season02_02,45831365b6824eee6c932acc22492b29
37008,Season02_03,327b17ada5414c515ead92b8d4fbf67b
37009,Season02_04,d209e7941b60e31893f6340d23818902
37010,Season02_05,c4996976a99a21f5e7a32c414ea1f5ce
37011,Season03_01,e1e317d171db41388088eb1c7ac20c97
37012,Season03_02,b123cdafcc7cd92f4766fd0bd4004e2b
37013,Season03_03,64fa6a25f3ac3f7aaba4bfdd8cccbf34
37014,Season03_04,6eae491ddfbf3149d3e6362a5f22159b
37015,Season03_05,343a982d4b5ff85658635b84d8ecf767
37016,Season04_01,b15af4639a9137bd61997d99be413f78
37017,Season04_02,2b06cf070ac27941e80dc294d7aa8dbb
37018,Season04_03,9533814f5d5c1b8a10340085e88cc97c
37019,Season04_04,6e29b77d7be8f8c9e3ae4d0096dd4b40
37020,Season04_05,4c0f903e96b311bf4c76769cdfb3f263
37021,Season05_01,d81a92e837f0176ca6f400eabda0c16f
37022,Season05_02,9c330b874a0483ed6733175940f9a490
37023,Season05_03,5aa95e9bb4a81434f04a5ca8731a0b57
37024,Season05_04,d32afcbd793e0622b4d389fbaff82979
37025,Season05_05,bb3129c2488634e1f8ee51e6cc2cce08
37026,BattlePass_Season01_Free_01,b057a5370cbc5e39114c07f1073eeaa9
37027,BattlePass_Season01_Free_02,4d985d59c3fd3e9d0951cef9065e6794
37028,BattlePass_Season01_Premium_01,576d0591498939f9c3ecd7fdba1509b7
37029,BattlePass_Season01_Premium_02,a7d8d8cb8383dd28827912bd3b1d1a55
37030,BattlePass_Season01_Premium_03,7d30661e87b2ba0688d2884304bceac7
37031,BattlePass_Season01_Premium_04,38b19e7fb36163461762f422f6ea5cb5
37032,BattlePass_Season01_Premium_05,d92e7b96e8cd5a1fff17c23258e4d902
37033,BattlePass_Season01_Premium_06,7c3e6f49722cb680a35aa70b903c03ce
37034,BattlePass_Season01_Premium_07,486508ccd8fb4232d4b51051f7b03f62
37035,BattlePass_Season01_Premium_08,d3cb0ac9fe14eb5aa2061dbb241434f2
37036,BattlePass_Season01_Premium_09,ba17668d20774afec3ebb8785e2402f5
37037,BattlePass_Season02_Free_01,e0e49f3bae48c8b73888a6dd02c7c920
37038,BattlePass_Season02_Free_02,22c21b915705e39014a9d5379120a563
37039,BattlePass_Season02_Premium_01,3d7a389a97e80ce72edab9d0d89b3520
37040,BattlePass_Season02_Premium_02,d027907f021f72b67e739c9750a9802d
37041,BattlePass_Season02_Premium_03,f67f4a2852df4b94a049f491950e0fd3
37042,BattlePass_Season02_Premium_04,b3c4494e1e66032448883792ae2121fa
37043,BattlePass_Season02_Premium_05,59db62f82f167c38a6ad004e70a47215
37044,BattlePass_Season02_Premium_06,adc16cc198e06a42b734cf0ea61d7ab0
37045,BattlePass_Season02_Premium_07,fd9e817221a6dc6b61d96161a5870d6d
37046,BattlePass_Season02_Premium_08,d9b89ae4227c79aee1b0c460e67b4c2e
37047,BattlePass_Season02_Premium_09,cc1fa9af0bc6284acfbfb9dc67f8c1ab
37048,BattlePass_Season03_Free_01,b2168a40d17644d0ea892fc3fe1ba26b
37049,BattlePass_Season03_Free_02,b130b9dc9cbce3aed03ba3effb23f739
37050,BattlePass_Season03_Premium_01,4be2783de818c08eb484c98ff22f77e2
37051,BattlePass_Season03_Premium_02,5645989ddef64c4c3a479fe6998563cf
37052,BattlePass_Season03_Premium_03,275f818028fbb544460db13c34a28aa8
37053,BattlePass_Season03_Premium_04,ce9fce15b0ac81a4ecf2dee3597bdd06
37054,BattlePass_Season03_Premium_05,cc9dab56858c1fd4600a1498134fe7f2
37055,BattlePass_Season03_Premium_06,f1540ab6812edbf379af19a777fbd2f7
37056,BattlePass_Season03_Premium_07,8ad5c19b85729e26e77341e3c06b2b0a
37057,BattlePass_Season03_Premium_08,74564e086a4d3a38be39282aebdc030f
37058,BattlePass_Season03_Premium_09,f96ed6c0f7d166f1b73777fb7d408565
38001,Hafu_Custom,50fbdcf06234ba5200f6fa794082f80f
38002,StunlockAvatar,c32803ce3e341a02fb3868a64eca1391
38003,MastersOfBaconAvatar_01,b5017914b462a3f53f5ca34ddb258d13
38004,Tournament_Winner_01,123aa7cf408df512069a86b8d6d935fe
38005,MastersOfBaconAvatar_02,2fa2a53a75a83c8c1d331792cbaff609
39001,Drop_01,656105b9899331436028c36b7fae96b3
39002,Drop_02,c76462ad9fc78010a60e02b665f81d15
39003,Drop_03,9c6f3060eda0c6af205876bbb0f7e347
39004,Drop_04,87989705f81ee7788b9c78d9fa8704ba
39005,Drop_05,0530fff2a128463abd8b784652683e24
39006,Drop_06,c118438b16c79b318a4e0432e6c1496f
39007,Drop_07,2e2faa855095d91c35c9eab7aa1c5a84
39008,Drop_08,6867d194c91dd0e36f7c1edf67f3730d
39009,Drop_09,8b790a9ee05b9fc47ba9f93ccaba3e8e
39010,Drop_10,1dccd6949fb272c96e5ab47fc9cd5fc1
39011,Drop_11,a999f14be36dcc309a215283735407be
39012,Drop_12,36611bf36a8138b215b1c7aa18c65bb0
39013,Drop_13,c8c6746ed308f528fdae63395969ec21
39014,Drop_14,f6e7bea4c1fa0feda2afc713e5867a04
39015,Drop_15,daa5a238695a9ed1a84de146c8bd492d
39016,Drop_16,24e56ba0a83e9430a3e1e54cc920342c
39017,Drop_17,acc03c95afb66503b279a1628581c776
39018,Drop_18,603d8ab49e8143905edc9d6c6a288d00
39019,Drop_19,00475655031ddef4a6f7ffeec5c4b4df
39020,Drop_20,bb68378aea0a0cf262f566c4bbd83289
39021,Drop_21,0b08cc9446a99407f554fceb151250d5
39022,Drop_22,25b1dff589062015e2facad5daef58a7
39023,Drop_23,9b225664291e7f54a2af628e3e294a8e
39024,Drop_24,05f89db08078a90221f2c510723b1073
39025,Drop_25,34ecba42e920ab2b082956d6908f192c
39026,Drop_26,89d6d4399647d297e0a8e0f5e1a3f7c2
39027,Drop_27,5e35a8403ad98e213d4e0db0d63b3f0c
39028,Drop_28,157f7ac7e8680661a0074619bd2c4d0f
39029,Drop_29,ce4b4417c3d7d456d394e493aef9550a
39030,Drop_30,ec9a3c7af8db89eeae333334d2246b9f
39031,Drop_31,f1f110851ae1f9636b273f00e98c634c
39032,Drop_32,56055e8eb3b7d5985727141de732d156
39033,Drop_33,7808fbb4ef6b8074a925083dea062bc8
39034,Drop_34,1da9c42afe9f7cdc2104bb1a24f2ddc0
39035,Drop_35,3c4286bab62afccafdc4552dc8649b23
39036,Drop_36,2e26b7e18d9c1cc84997021b9a233153
39037,Drop_37,f6bdf7cbf72bf18f6256cc73c80ede3b
39038,Drop_38,afec4d3849aeca5fd7ce0f8dadfac60e
39039,Drop_39,5bb688774e9a151a5ac8863e37fc2e79
39040,Drop_40,cc6404d5eb735afa2648f882b34538bc
39041,Drop_41,133015343f3d3affe8797e5cef2615c9
39042,Drop_42,55f14364f3902e798eea58029216d49a
39043,Drop_43,543680d22113c9c2ce8480458010b6af
39044,Drop_44,df6eb63fef55f9571532ace32a6c453e
39045,Drop_45,8a751baaaa5e584afdbc27afad5b5e26
39046,Drop_46,a44694f9ba567991aac7ba272846a2ae
39047,Drop_47,90a5ea35faf23c89a55fc8f6f5473697
39048,Drop_48,6f2e4b8f7afff93cc87a5a9703089861
39049,Drop_49,322baa767f0656550fa1d65af930524a
39050,Drop_50,595484fe47e8b09732c6108f8de4456c
39051,Drop_51,473dd47fc99cc1a20d73e2b1a0f968ad
39052,Drop_52,993876581e376a60d66b335edff8efc5
39053,Drop_53,45d575d84c369ff108784f262ebe602b
39054,Drop_54,7506e7302344194cadcae87245f5bfef
39055,Drop_55,591c49948856ae8d309c6232a9bc7a1f
39056,Drop_56,cb2f199683487a78bc10879e79c5b3a5
39057,Drop_57,5be60dd20e9444ad14cbfa61f736358c
39058,Drop_58,568a2da751c6d00c80a9a798f6dec751
39059,Drop_59,d5c95f361b5073041cef329e782a6438
39060,Drop_60,295f92faad30605563a9720ff35d0a6e
39061,Drop_61,b77eceab428ea8864d08037f398b19fe
39062,Drop_62,126caea8b7ea1bb71e9beb6c06d0ef46
39063,Drop_63,350f49945996f1d4624dc8da5f9e99c3
39064,Drop_64,6b263190c487bfae653fcdf2d815e4a9
39065,Drop_65,5cc89e7ecbd899fe14a323be54c04224
39066,Drop_66,927ae5d8100637d41cd5a26cad3c6b30
39067,Drop_67,42e4549c9394a638325c93397bf30f1b
39068,Drop_68,d8cc866e5a361f0d1a1e5d1d689482ae
39069,Drop_69,d2ef0039833f6bb83a4d078ef9eb840b
39070,Drop_70,47ca4237bf0b696ec3bc71c8df54464e
39071,Drop_71,77fa4d03c48d51c2a68f3514dae0875e
39072,Drop_72,66e642d0c611cb8872c6521b39bcd3f3
39073,Drop_73,c1d7d0acb6d7d2d0b4ae8a76a948ba85
39074,Drop_74,e88a284b452d0ad06e6f81c828069894
39075,Drop_75,ac8e6a2b8ad7a51613c3687ad56b4f13
39076,Drop_76,ae41fc5600d8b25ed63a36e5ad2d128d
39201,Halloween_01,ca119af53ba81c4abbd31881573a493a
39202,Halloween_02,4376ce2078f0a493081741665ee799e5
39203,Halloween_03,4c57272c65b36f13a50e1f5733f100ff
39204,Halloween_04,30f6f94dc3b6a666f37e786c8780bd9f
39205,Halloween_05,6ace8f86a7b4a4e0b0f9e07658df3869
39206,Halloween_06,ccf4aab3401dd6e569aab4135f136d28
39207,Halloween_07,002fa7ddac647ff46a97b54c80220420
39208,Halloween_08,52dfe04f974fd3d58ecc9836aee2e666
39209,Halloween_09,012497d8706d409681e807fc48d45800
39210,Halloween_10,8fdf732cb6d8c623cb465e96e56517ad
39211,Christmas_01,f3cfa4911e5bedb537d1bb4c9cd26d83
39212,Christmas_02,bf433eeef0a5ae9fdc3491472124f690
39213,Christmas_03,fe492f047bdfb59cf4a86df40ae1ed5f
39214,Christmas_04,c6591dc0f90d7e763686ef5cb09a8650
39215,Christmas_05,6b94095c6fb7f8fe345dd3833bc592cb
39216,Christmas_06,6458a031bb687a9c6d7f430f56c2d9f2
39217,Christmas_07,5aef83a10e7dbaac04ae74062fb0a5fd
39218,Christmas_08,328b05832e816897f1f9e7dfd42f2d05
39219,Christmas_09,be9406cc150367bd6793ad25b0aa720b
39220,Christmas_10,312b5557ba49c67557bd1d68e2eb62cb
39221,Valentines_01,4d83310962e1962f00ec7b4ee6609963
39222,Valentines_02,3dd37166c4676c21a7909bfb940524eb
39223,Valentines_03,11d47c94a665299f2c4110577c64f3bc
39224,prehistoric_00,f9d5c795bba081960e869f2b1a491958
39225,prehistoric_01,a7c3ffcfe7c9c5595a1af7b3bf28b302
39226,prehistoric_02,5faf394a027048f1d49d00f7a26bcffb
39227,prehistoric_03,6ae78db1d878e0dd91e146abf6bc0a7b
39228,prehistoric_04,3cb2b572681f1875bc2a0c0e6bc34d48
39229,prehistoric_05,a388289d001dbc09c60789c1dd5f1c7c
39230,prehistoric_06,d179689f6695c814e3661959ef6c41b3
39231,prehistoric_07,9e55d3cfbb3ae789c65cbf32185b9aef
39232,prehistoric_08,a46337e111cd352fc7e743302e62479b
39233,prehistoric_09,e236d690869be91c72d95b6799439078
39234,prehistoric_10,e9c23b2565a23b11652b5d3002b53ce7
39235,prehistoric_11,a0808209cca96c5e3f154f8e1cd0632f
39236,prehistoric_12,de662d0a94af31e76a21c804cbda33f9
39237,prehistoric_13,1364be6c30a7886a03b8666e85aeb3c8
39238,prehistoric_14,cc8266090da896fc953dda3a549a6193
39239,prehistoric_15,d3d85d7c13e16ed9501623a268f2e3c6
39240,prehistoric_16,6f16dd681903d76038f9c4f7806de931
39241,prehistoric_17,f3468a77a408064cae6fd55ff6a1c4ba
39242,prehistoric_18,ae5be35df5826b7f998b18b949670c79
39243,prehistoric_19,964d6a4ee5b8fa11ea76a3033130e713
39244,Christmas_11,6d44fafb3f5e75c36eb51769c27050ad
39245,Christmas_12,1ff51be1aea960fc1214f57455b378cc
39246,Christmas_13,4a4db6f17d0ad52d2f97dcfba4824476
39247,Christmas_14,28d323672ddc98fdb55f8722300a0fcb
39248,Christmas_15,38f3157e65ba13351db5865392e2c5fb
39249,Christmas_16,f12dc1c666ab38d27da590a24324ed46
39250,Christmas_17,929e61be4a0e0d370f80832d56e8c8bd
39251,Christmas_18,fb23d6dfccab5d22b944b23fe428e180
39252,Christmas_19,a72ffa73d2f8a64ff7c3b69fcfc274b6
39253,Christmas_20,14a2a6e7dc8cb54ceb60abb69829875f
39254,Lunar_01,0b367bbee61b92f6de905e05aec23954
39255,Lunar_02,d32778950cf0fc3bde06c7963df1d5cd
39256,Lunar_03,12bff6e26d290d30ff063f4cb320e7b5
39257,Lunar_04,b26740fd4240de1f46c679eb7ee388b3
39258,Lunar_05,cccbe7c78ce2282ce0ffbc908c0b0b46
39259,Lunar_06,6495e794e307a8ce6d2807d706159962
39260,Lunar_07,94e29d59950efd2e57dd4636b8cef8e6
39261,Lunar_08,065579b7b5b9c8e0a54020e5fd0b5723
39262,Lunar_09,4869e60ccc77291e284496171c35f3e0
39263,Lunar_10,b1e69451b8738418f4c97ce92146caab
39264,Lunar_11,c9ff2a4e5f397ceb08991656df921a04
39265,Lunar_12,e61b3b9687a3c33900c50126c1944b73
39266,Lunar_13,03c22e1e689c427e0c167a7fcde81d44
39267,Lunar_14,edd1804158270e968e995fe9c71e6968
39268,Lunar_15,7e18dfc36136b26b315d4afd5ef8ed31
39269,Lunar_16,fdabeedead59059d414d19b700f1ca1f
39270,Lunar_17,31d04ad3187d521a48f7966aa8a4abfd
39271,Lunar_18,aeab34e8c5223452ff9b8d42686c44fc
39272,Lunar_19,0263b5ae798a75ec401448e5ac2ab34a
39273,Lunar_20,f980236d72f05ec42acb23c8b17233f5
39274,Valentines_04,ac276aa5cea9aa13ad29bf4b8c3ba784
39500,StarterAvatar_01,1b83aafb327d5b8da3ba806174ee011d
39501,AlphaAvatar,94edbd2172174869fab9fc1101cf6230
39502,DevAvatar,6ec6bfff18cd5af36997ddd46ad385e3
39503,StreamerAvatar,ca91a59a79077b89c4c6e2584bdb1a9b
39504,SupporterAvatar,442e816f2458ec7021d064b486af6e00
39505,BetaAvatar,e34b224d281a0efd2257076cd76ce624
39506,FounderAvatar,26f98f55039e35b23d1ba7550c6bacb0
39507,AvatarShouter,d0285f30366916e1875dd4631824925c
39508,Season01,5aa245a6725064164759d8f522409901
39509,TwitchCommerce_01,83870c00f7afafabb02c963915637841
39510,RivalEsportsAvatar,ecc7f694217a4d984add2ae724d20fc3
39511,Nexon_Influencer_01,b9f32088b52bf787c13c087e2fb10833
39512,MastersOfBaconAvatar_02,2fa2a53a75a83c8c1d331792cbaff609
39513,Nexon_TheWarrior,3708a22345fdf799d2678338ee03193c
39514,Nexon_AccountTransfer_01,2409e68db287707d6e8280beb7bba81e
39515,Nexon_KoreaFlag,fd2944ca647bfd59707fce97377208b9
39516,Nexon_Launch_01,eab9322947e7fa80b81a65aa54c60651
39517,Nexon_UltimateFan_01,b4eb4639fdd4e9b86d97b30bbf1dbbfe
39518,BoL_Ashka,314cb930de273735ea15108de42be30a
39519,BoL_Blossom,209fcd4e75423cc9b12d09f098a87e48
39520,BoL_Croak,c6fb80def78e5c904a1d01048a06bb1c
39521,BoL_Ezmo,d6e47d305f32529af139ddf9bf665101
39522,BoL_Freya,1e690e14260a5cdb81c63226b49056a8
39523,BoL_Pestilus,d5b8113faada69098e2f7ac408ff79e3
39524,BoL_Raigon,331548405e3101aee8ff0abdd7e578c9
39525,BoL_RuhKaan,ba19aa522f5d78b1a8c066af2a5a2ad9
39526,Nexon_FinalTester_01,c8a23cd50f32a5faa4521e12ab30fa00
39527,Nexon_Lunar_2019_01,ff4f44089af907e1cfa3830047df9b6c
39528,Easter01_ChickenWiz,2d21df2989dab9d074e85b188e2fd4ff
