Champion ID,Battlerite ID,Battlerite Lookup ID,Battlerite Type,Code,Value
467463015,95572065,4266C79FAD284697893A1A92A0D2AB9B,Mixed,4266C79FAD284697893A1A92A0D2AB9B,WEAKENING TOXIN
467463015,1178343196,18874A86081E4E3EACAF7CF6765BD9AA,Defense,18874A86081E4E3EACAF7CF6765BD9AA,VAMPIRIC TOXIN
467463015,1945632875,82B48B1B75A24896958D3E33DF17BA3A,Offense,82B48B1B75A24896958D3E33DF17BA3A,STIMULANT
467463015,1085194930,96E74152490A4F4FA0511E007E8F5B53,Support,96E74152490A4F4FA0511E007E8F5B53,COMPANION POTION
467463015,1036877285,EC797C801C3B446B84DA99C50941663A,Mobility,EC797C801C3B446B84DA99C50941663A,ALACRITY
467463015,367835534,15CD311F025842CC9C7372DF997B88F3,Offense,15CD311F025842CC9C7372DF997B88F3,BLAST SHIELD
467463015,840506864,CD63E1777916474980DDEE26BAC948C5,Support,CD63E1777916474980DDEE26BAC948C5,SIEGE BARRIER
467463015,1192062762,38E9D2BE00EC4FF28559BA9540DB9644,Control,38E9D2BE00EC4FF28559BA9540DB9644,ADHESIVE COMPONENT
467463015,330264363,CD3CD40CA4424433972C769E8AC3AF37,Mixed,CD3CD40CA4424433972C769E8AC3AF37,POTENCY
467463015,1739858694,862581728BB64024AF54D3A799EFC615,Control,862581728BB64024AF54D3A799EFC615,CHAOS
467463015,2056681259,7A405DF4073C4FAFBC9A90C719A47157,Offense,7A405DF4073C4FAFBC9A90C719A47157,DEADLY BREW
467463015,1482266235,2EFA0CF2D4BE48B3B76B274C50C83740,Control,2EFA0CF2D4BE48B3B76B274C50C83740,HYSTERIA
467463015,531302436,BBDF775B4B154DFD95B14EBAA4D8A7F3,Mobility,BBDF775B4B154DFD95B14EBAA4D8A7F3,SWIFT ROLL
467463015,569567951,BF023C09461049DE88FA30C5AB370655,Control,BF023C09461049DE88FA30C5AB370655,STICKY GOO
467463015,1810635846,566080934DD34BB49502A9F4952A8F3F,Utility,566080934DD34BB49502A9F4952A8F3F,DYNAMIC SOLUTION
467463015,40706810,DD761115A205482CB8B2A544BBA7D716,Utility,DD761115A205482CB8B2A544BBA7D716,FULLY STOCKED
259914044,638481835,DB9B1FCF1C264C2E8A7F264177141D63,Support,DB9B1FCF1C264C2E8A7F264177141D63,DEBILITATING SLASH
259914044,898299996,85828E28E3DC40EE9C33D3FCA1F21F63,Defense,85828E28E3DC40EE9C33D3FCA1F21F63,RADIANCE
259914044,1538513615,FC5C705329D64009B72BC8B17D68B73A,Support,FC5C705329D64009B72BC8B17D68B73A,SUNBATH
259914044,539662185,C414C11677C64CED9EE2695B35F22F75,Mixed,C414C11677C64CED9EE2695B35F22F75,COSMIC REACH
259914044,1485240119,20ABCE46DEF34D8DA97984C7B1F4C3DD,Mobility,20ABCE46DEF34D8DA97984C7B1F4C3DD,SUNWELL
259914044,1982709263,2057FAC65B3E431A96D34F522264F35F,Support,2057FAC65B3E431A96D34F522264F35F,ILLUMINATION
259914044,648409758,35F0FE2FB30C4099A9EE49B998D337E9,Defense,35F0FE2FB30C4099A9EE49B998D337E9,SUNSCREEN
259914044,706989034,9ED8155FC0884BFF998DD690AC8C1136,Mobility,9ED8155FC0884BFF998DD690AC8C1136,DAYBREAK
259914044,1305849147,86F7F7C004054FD3B7EF6ACD4EDF41C7,Utility,86F7F7C004054FD3B7EF6ACD4EDF41C7,LUNATIC
259914044,366624412,434D2CA292DA4708A3B815605AAF966C,Support,434D2CA292DA4708A3B815605AAF966C,MOONLIGHT
259914044,221662229,88D1E39A8E8F45D096AE6381F671A5DB,Control,88D1E39A8E8F45D096AE6381F671A5DB,MOONSTONE
259914044,1088253826,5D208FF1BDF24FB3B37428345A473F10,Offense,5D208FF1BDF24FB3B37428345A473F10,CELESTIAL CYCLE
259914044,256159723,43718493BDB540028480B9D391EDEE2F,Control,43718493BDB540028480B9D391EDEE2F,GRAVITY
259914044,398341013,8574A93915BD49179EAA337F78C13D8F,Offense,8574A93915BD49179EAA337F78C13D8F,SAROS SLASH
1649551456,1719729374,DF63AD074E564AF991071AF2DA1E4F4D,Mobility,DF63AD074E564AF991071AF2DA1E4F4D,OVERLORD
1649551456,1772535371,510F2144BB4147E28D5F2DC4BB387242,Defense,510F2144BB4147E28D5F2DC4BB387242,BLOOD LEECHER
1649551456,446319954,82388E9ED19D44049E004CDD8F52A303,Defense,82388E9ED19D44049E004CDD8F52A303,COLONY
1649551456,1053820967,A489A6DA8DEB4357A37883524846979F,Offense,A489A6DA8DEB4357A37883524846979F,INSECTIVORE
1649551456,715541154,F84DE81059A8457A97262E1EF261F153,Mixed,F84DE81059A8457A97262E1EF261F153,DEFILER
1649551456,1288323553,A3073A0826AB48EB8D853B0A1526BD8A,Support,A3073A0826AB48EB8D853B0A1526BD8A,SPORES
1649551456,1944863117,3859A36C392941C7A8FA6DD46059EFCE,Utility,3859A36C392941C7A8FA6DD46059EFCE,SCOURGE
1649551456,669936007,ADA087A6E1CB4C58AFC3B95181EE1CAC,Utility,ADA087A6E1CB4C58AFC3B95181EE1CAC,HIVE MIND
1649551456,1917648819,16B22C022348418EBB434695F05B7BB6,Support,16B22C022348418EBB434695F05B7BB6,SWARM QUEEN
1649551456,1119970458,EACB881CC42C4CA1AB839E00B82A9E89,Control,EACB881CC42C4CA1AB839E00B82A9E89,SACRIFICE
1649551456,2077547781,84BA481CC5A64B4E9DD4460618B80E61,Mixed,84BA481CC5A64B4E9DD4460618B80E61,BROODMOTHER
1649551456,1004483206,87748A8230294B2F8B0AE01AEBD54C37,Offense,87748A8230294B2F8B0AE01AEBD54C37,SPIDERLING VENOM
1649551456,1558367353,00884CE5F46F4BB781FFDFB101E2AD01,Control,00884CE5F46F4BB781FFDFB101E2AD01,EGG CARRIER
1649551456,583189267,F4931C4184B047C58CA2CBCB035BD79E,Control,F4931C4184B047C58CA2CBCB035BD79E,LORD OF THE FLIES
1649551456,2062288622,ED7FED71DB9744C1B65F2BF8C244288D,Control,ED7FED71DB9744C1B65F2BF8C244288D,DISPERSE
1649551456,388939498,B8B7A53EEB91424A985157F02C195D98,Mixed,B8B7A53EEB91424A985157F02C195D98,HEART OF THE SWARM
1649551456,422172336,1AA6F38A70064282894A84C876B8E049,Utility,1AA6F38A70064282894A84C876B8E049,PROLIFERATE
2139904082,817962985,1B99B7B676834E5ABC91F59675FBB5A5,Offense,1B99B7B676834E5ABC91F59675FBB5A5,DRAGON FORCE
2139904082,1280130766,DAF62BDD6C804F78A9AB7ECCF95F390D,Control,DAF62BDD6C804F78A9AB7ECCF95F390D,EYEWALL
2139904082,1540205747,60A7DC0CF004471C8165AFCBA1C5719C,Utility,60A7DC0CF004471C8165AFCBA1C5719C,PUPPETEER
2139904082,1655430074,CFE6636B262F46CE879E05EF35D74910,Defense,CFE6636B262F46CE879E05EF35D74910,ENTERTAINMENT
2139904082,568861317,A987754F358D4D9CBE66AE040EDD1160,Control,A987754F358D4D9CBE66AE040EDD1160,SUBDUE
2139904082,798226355,9654D9723AFC47859A92BBEF17FEDA90,Mobility,9654D9723AFC47859A92BBEF17FEDA90,DRAGON DESCENT
2139904082,1864338830,EB2E917E8E284ED69EBB345A309939EE,Support,EB2E917E8E284ED69EBB345A309939EE,HEAVENLY GRACE
2139904082,1202804331,C5C36B7EEB2E4ECF8BE7300BBE225D4C,Offense,C5C36B7EEB2E4ECF8BE7300BBE225D4C,STORM DRAIN
2139904082,482716326,5EDB24224D944BAAAC7D816D54A3E83A,Utility,5EDB24224D944BAAAC7D816D54A3E83A,OVERRULE
2139904082,1542981614,D89B16889CBB4D1F8D82DB501EE585DC,Defense,D89B16889CBB4D1F8D82DB501EE585DC,EFFORTLESS DEFENSE
2139904082,418206625,5BEAF0BA547E400CBA3C2AD08F742B97,Control,5BEAF0BA547E400CBA3C2AD08F742B97,SHOCK AND AWE
2139904082,2001685192,6A6372F456F244F794480C4986E13B2C,Mobility,6A6372F456F244F794480C4986E13B2C,ROAR OF THE HEAVENS
2139904082,1511134874,F712F7D17E624403AC21FD0D726C8DE0,Defense,F712F7D17E624403AC21FD0D726C8DE0,REGAL AURA
2139904082,1072257057,BF7172E84FC343A0B79FBD789D22F3EE,Mobility,BF7172E84FC343A0B79FBD789D22F3EE,SPHERE OF INFLUENCE
2139904082,1950188619,EEC9D4BB394446699BBFEA15B6E9334A,Offense,EEC9D4BB394446699BBFEA15B6E9334A,MANDATE OF HEAVEN
842211418,375551535,82ABE47ACB834B08B3097B62E30B7974,Offense,82ABE47ACB834B08B3097B62E30B7974,STOCKPILE
842211418,76947494,CF50178B63D141DA8C1FE00782210E12,Control,CF50178B63D141DA8C1FE00782210E12,HEAVY ROCKET
842211418,1524594848,B4BCD7A5852540B992F17E5149162AFB,Offense,B4BCD7A5852540B992F17E5149162AFB,BOOM!
842211418,1018819281,96D449B9A057438081680729EF933B81,Mixed,96D449B9A057438081680729EF933B81,OIL BLASTER
842211418,133871048,FB247C5FE630404A884C7FA4E780488C,Utility,FB247C5FE630404A884C7FA4E780488C,U-TURN
842211418,334194286,97AEFE826F9F45F0B8F3C5A1E71B77CE,Mobility,97AEFE826F9F45F0B8F3C5A1E71B77CE,ROCKET BOOSTERS
842211418,1264111974,2C387FC1390E4793B1E315D9AC50D4CC,Mobility,2C387FC1390E4793B1E315D9AC50D4CC,BLAST SHIELD
842211418,1571007052,ADF9CB2E8DA34B90AD321C0D7ACC8A4E,Offense,ADF9CB2E8DA34B90AD321C0D7ACC8A4E,HYPERSPEED
842211418,245016287,3E3AAB86C6E943CAA6CF33C5E24C628E,Support,3E3AAB86C6E943CAA6CF33C5E24C628E,DURABLE SHIELD
842211418,1419637141,1D3B86CAB31D4FE4BDE995D98D5BAB11,Control,1D3B86CAB31D4FE4BDE995D98D5BAB11,CONDUCTOR
842211418,1262470819,AF80C8D3A4684C78934A235EFFA1E03F,Offense,AF80C8D3A4684C78934A235EFFA1E03F,IGNITING SPARK
842211418,1923549832,9E530F5064044CC28A66D28003C746C0,Utility,9E530F5064044CC28A66D28003C746C0,EMP
842211418,1922195708,9703FB85E3D648CDAB4289D7BA02375B,Control,9703FB85E3D648CDAB4289D7BA02375B,TRACTOR PULSE
842211418,138537323,60B71223EC7741FDA76DFE7AC170A1E6,Offense,60B71223EC7741FDA76DFE7AC170A1E6,ALL SYSTEMS OPERATIONAL
842211418,97302286,054B62014FF14EF881B1A437D11CE3F1,Control,054B62014FF14EF881B1A437D11CE3F1,GUNGE
842211418,153059570,9E549871859B41B2BBD783729A386770,Mobility,9E549871859B41B2BBD783729A386770,FLIP THE SWITCH
543520739,1222687868,C5036B6350464B8AAD9F8437E1316D00,Support,C5036B6350464B8AAD9F8437E1316D00,WEAKENING PITCH
543520739,164976104,A366BC53A46A430F87F6A9DAC3362D2F,Offense,A366BC53A46A430F87F6A9DAC3362D2F,NATURE'S CYCLE
543520739,1031788599,164884BA25144172AD66248405AF77C4,Support,164884BA25144172AD66248405AF77C4,KINDHEARTED
543520739,1039886972,F90B11E5307842C8B591F0629A8AC57A,Mobility,F90B11E5307842C8B591F0629A8AC57A,FLUTTERING GRACE
543520739,1519730535,BF9D1739F74F44F4A7D5A614509445EF,Control,BF9D1739F74F44F4A7D5A614509445EF,GIFT OF NATURE
543520739,1179570873,FF0881C6560C4646AE571CEA49D9F52E,Mobility,FF0881C6560C4646AE571CEA49D9F52E,HOP AND SKIP!
543520739,1442859791,1A75CC54F12547A9978404AA2C4344D2,Support,1A75CC54F12547A9978404AA2C4344D2,NATURE'S PRESENCE
543520739,1887042031,F6CEC471991C4D2585CAC12C4E6223B9,Defense,F6CEC471991C4D2585CAC12C4E6223B9,CAUTIOUS
543520739,1218444929,45D4697BDB1E4580AFC01F28B699B1B5,Defense,45D4697BDB1E4580AFC01F28B699B1B5,HEALTHFUL BARK
543520739,1975248146,A32E99BB968E4CE19775282A6301E3C6,Mobility,A32E99BB968E4CE19775282A6301E3C6,REFRESHING SEED
543520739,551973540,5769ECB46A97488F8591BAFC05D6FE97,Support,5769ECB46A97488F8591BAFC05D6FE97,BOUNTIFUL TREE
543520739,907138108,2DF8F682BA9A4B2A82AF77D4E37915A8,Offense,2DF8F682BA9A4B2A82AF77D4E37915A8,SPRING GROWTH
543520739,197574807,6804F990FA3D41B1B8F98EB598785C9B,Control,6804F990FA3D41B1B8F98EB598785C9B,POLLEN
543520739,1514675054,408B9076E75748F8B2A891C66FDA7986,Mixed,408B9076E75748F8B2A891C66FDA7986,PUFF
543520739,1343910309,A4E8FDCCE10643C4A5FE6A5F1B2BEE5F,Offense,A4E8FDCCE10643C4A5FE6A5F1B2BEE5F,GROWING POWER
543520739,1527499351,EA74D2A798BD4729A01F1B81C3C70E00,Utility,EA74D2A798BD4729A01F1B81C3C70E00,BLOOM BURST
613085868,1860604611,0FA682FBB9D6441A91729B47DFE78F17,Support,0FA682FBB9D6441A91729B47DFE78F17,CRYSTALLINE LATTICE
613085868,561511229,C8FA11230A5D45A5A3101325A1F612D8,Offense,C8FA11230A5D45A5A3101325A1F612D8,ICE BREAKER
613085868,1089958696,C1A856C845844B8DAA951822021B5CE3,Control,C1A856C845844B8DAA951822021B5CE3,CRYOGENIC LANCE
613085868,531951318,36E5B69416C94DA2A07DF915F4254B43,Control,36E5B69416C94DA2A07DF915F4254B43,FROST NOVA
613085868,1981527740,C9A6F391CCBC4D568DD44B12E2AE1653,Utility,C9A6F391CCBC4D568DD44B12E2AE1653,BLIZZARD
613085868,1242961827,4EBD90D84D1F4D5DAF89D925A48DEA35,Mobility,4EBD90D84D1F4D5DAF89D925A48DEA35,FIGURE SKATING
613085868,550675137,41AB3AF44F87454F84D7EFCA0B68FF51,Mobility,41AB3AF44F87454F84D7EFCA0B68FF51,TWIRL
613085868,181382055,D85D7B60862A4E95B922361C4B75AA83,Control,D85D7B60862A4E95B922361C4B75AA83,FROZEN MUSE
613085868,71286338,C00C26701B3B448689F8D0BF9CC41A1E,Offense,C00C26701B3B448689F8D0BF9CC41A1E,SNOWSTORM
613085868,802383053,9858F593C46E4D08B34A836CBA65A305,Offense,9858F593C46E4D08B34A836CBA65A305,VANDALISM
613085868,1627925732,CCDCEFEFEDA84B97A7FE3AD2194F6583,Control,CCDCEFEFEDA84B97A7FE3AD2194F6583,PERMAFROST
613085868,1304940929,44E147CAAF744E4D92D9A1CED0C4717B,Offense,44E147CAAF744E4D92D9A1CED0C4717B,WINTRY BLAST
613085868,1765452764,9044D37784A74C28870AA3ECA817F269,Support,9044D37784A74C28870AA3ECA817F269,ARCTIC CLOAK
613085868,165630741,EA71108712D34446804F719C845A642F,Offense,EA71108712D34446804F719C845A642F,PIERCING COLD
613085868,473580166,3DA8FDEECDE54E43A82D59D5DD11A1CE,Defense,3DA8FDEECDE54E43A82D59D5DD11A1CE,ICY CITADEL
1318732017,236641939,04A1BF8EF576478888E07A47A882E3CF,Mobility,04A1BF8EF576478888E07A47A882E3CF,PUMMEL RUSH
1318732017,1872141107,FA71243030464E1FAB910456D18FF3C6,Support,FA71243030464E1FAB910456D18FF3C6,WEAPON BREAK
1318732017,1429713330,B022FBFDC5264492956CE952560E9716,Offense,B022FBFDC5264492956CE952560E9716,ROOK SMASH
1318732017,2121897750,E59B63F755CF4AC7BB0C188124E65228,Mobility,E59B63F755CF4AC7BB0C188124E65228,ENDURANCE
1318732017,535585153,FD27FD45D85246F6915E47BFC14A4D1D,Utility,FD27FD45D85246F6915E47BFC14A4D1D,RAGING BULL
1318732017,1637634020,62805CBF5A4C42F487EA20B31EE61DD5,Offense,62805CBF5A4C42F487EA20B31EE61DD5,FRENZY
1318732017,489494744,12BC043C28FE40FC9327519E0BC7ABB2,Mobility,12BC043C28FE40FC9327519E0BC7ABB2,MADNESS
1318732017,1374006316,B27D8BD0BAE8441090E63791D46B4718,Defense,B27D8BD0BAE8441090E63791D46B4718,GIANT
1318732017,1651660531,3CC59CB715774DDEA0220919CAB1503C,Control,3CC59CB715774DDEA0220919CAB1503C,WAR CRY
1318732017,1715075778,F2C0D62CF6584A59B6EDE5E96D0184BB,Control,F2C0D62CF6584A59B6EDE5E96D0184BB,CRAG
1318732017,2018410467,9F331B40B34C4174B581502E444017DF,Offense,9F331B40B34C4174B581502E444017DF,CRUMBLE
1318732017,1921598726,F148BF9245BF4E5385962D4A72C8B938,Offense,F148BF9245BF4E5385962D4A72C8B938,EARTHQUAKE
1318732017,96607299,EDC0797B15AE489BA18B827413D6A82B,Mobility,EDC0797B15AE489BA18B827413D6A82B,CRUSHING LEAP
1318732017,1339951794,1A1E8D479DA443EBA71F93216768B82E,Utility,1A1E8D479DA443EBA71F93216768B82E,BELLY BOUNCE
65687534,1423275395,68C7BD5416794F65BC466F8486F5DCB1,Utility,68C7BD5416794F65BC466F8486F5DCB1,GUNSLINGER
65687534,1545224575,2C5ED4ABB6CA49D692EB46CCFB0C6098,Offense,2C5ED4ABB6CA49D692EB46CCFB0C6098,DEADLY FOCUS
65687534,555638884,C309EDDE977244E0AC43AF8D78289200,Defense,C309EDDE977244E0AC43AF8D78289200,SHADOW SHOT
65687534,176663060,597620E08E354735A77FB900B40D119B,Control,597620E08E354735A77FB900B40D119B,SURPRISE SHOT
65687534,307332016,88D234788054406A9B6046B883E88160,Mobility,88D234788054406A9B6046B883E88160,EXPLOSIVE JUMP
65687534,1792229790,6BC0FF6E29DD430FAB252C4BEE111F07,Utility,6BC0FF6E29DD430FAB252C4BEE111F07,EVASIVE MEASURES
65687534,311499373,AED8C7B0ADA94F7FA1807D45428AF6FD,Offense,AED8C7B0ADA94F7FA1807D45428AF6FD,BLASTING PISTOLS
65687534,826286707,948DABAB8F6545019D66CD870986ADA3,Offense,948DABAB8F6545019D66CD870986ADA3,AMBUSH
65687534,199599970,67D7E62BA692499EA1642D6F6F46F76C,Control,67D7E62BA692499EA1642D6F6F46F76C,FAREWELL PRESENT
65687534,1373077114,C35DC20F56A94232921617251803979C,Mobility,C35DC20F56A94232921617251803979C,THROUGH THE SHADOWS
65687534,1105722445,F412D1BCF5844501B90CA12A38092750,Offense,F412D1BCF5844501B90CA12A38092750,DESPERADO
65687534,171345218,6E08DD993702433FA93B682F09519B20,Defense,6E08DD993702433FA93B682F09519B20,DELIGHT
65687534,285637964,6C3832D5BB264BB1AF95A69EDAC2AC6A,Control,6C3832D5BB264BB1AF95A69EDAC2AC6A,MAGIC BULLET
65687534,1047556063,77B05C760AE74890982CF1D36623570E,Control,77B05C760AE74890982CF1D36623570E,BLACK POWDER
65687534,412058724,3E412B8F42B8421EBBC568F61079469F,Control,3E412B8F42B8421EBBC568F61079469F,SHRAPNEL
65687534,1426876534,03A6A00786C14A3CACDA0A4D597F670A,Mobility,03A6A00786C14A3CACDA0A4D597F670A,HIT AND RUN
550061327,808068036,687B0F6D5A794DAF8FE70A3B194A981E,Control,687B0F6D5A794DAF8FE70A3B194A981E,WICKED STRIKE
550061327,1340272428,3F7DEB2533F04B33AFEFBC2BA0EDA12D,Defense,3F7DEB2533F04B33AFEFBC2BA0EDA12D,LEECH BLADE
550061327,261184191,67894C6D6E784527AFA50C253A545FBD,Offense,67894C6D6E784527AFA50C253A545FBD,GRIM EDGE
550061327,1808202129,3DC1A3EB534546C8B52823267C406718,Offense,3DC1A3EB534546C8B52823267C406718,AGONY
550061327,1454640478,6E8718C3215E4652B9A78BE9CF256433,Offense,6E8718C3215E4652B9A78BE9CF256433,AFFLICTION
550061327,1830220910,EA086FCD33864688A252D005C00E49F4,Mixed,EA086FCD33864688A252D005C00E49F4,NETHER CHAINS
550061327,1537519905,6F73C0F781E04B4CBF996347516067A1,Mobility,6F73C0F781E04B4CBF996347516067A1,DEMONIC HUNT
550061327,975611872,9FB08E0950B142939D1ADC712D0FB1D8,Offense,9FB08E0950B142939D1ADC712D0FB1D8,SHADOW FURY
550061327,267198260,6577410DCE354C2C9EB55CEC92457565,Defense,6577410DCE354C2C9EB55CEC92457565,GORGE
550061327,55173662,1BFEAB00F6B54A7C8E9257916DC43686,Mixed,1BFEAB00F6B54A7C8E9257916DC43686,DEATH GRIP
550061327,2087589388,66853AFDA2114C69BE0AD53AFB2105FD,Control,66853AFDA2114C69BE0AD53AFB2105FD,COLD EMBRACE
550061327,190893318,42599AF41A3A4D00B383D6701ABB8714,Offense,42599AF41A3A4D00B383D6701ABB8714,TENACIOUS DEMON
550061327,9507398,2445C0FC7F5D46478B055BE5A5FAD1F9,Control,2445C0FC7F5D46478B055BE5A5FAD1F9,HUNGER
550061327,1902286890,B2B715B39A644AED94BC1871F08C978D,Mobility,B2B715B39A644AED94BC1871F08C978D,SHADOW PROWL
550061327,1948858917,A36F1367049E41D690140C585F37E205,Mixed,A36F1367049E41D690140C585F37E205,REAPER
550061327,339423991,117AADE7A1034B319A1B32A5BFD9C914,Mobility,117AADE7A1034B319A1B32A5BFD9C914,NIGHT STALKER
550061327,389485337,0255345C4EBD4FFF8BF0B25949A67105,Offense,0255345C4EBD4FFF8BF0B25949A67105,NETHER BLADE
550061327,664541554,3DB8FA146F7549B089C12DCD25F81BF6,Offense,3DB8FA146F7549B089C12DCD25F81BF6,ACCUMULATE
1,549211284,BFB3A987803248209FC3B2CD8F1D5AFA,Offense,BFB3A987803248209FC3B2CD8F1D5AFA,COMBUSTION
1,1057094168,865633B917B248F1B85CFAC3F6F757E2,Offense,865633B917B248F1B85CFAC3F6F757E2,WILDFIRE
1,97984982,DAB7E0D2E1864BA48BA329F9DF2FC870,Mobility,DAB7E0D2E1864BA48BA329F9DF2FC870,HEAT
1,285754693,8EAAE00AD0E94C8C9A0FFFBEC6841641,Mobility,8EAAE00AD0E94C8C9A0FFFBEC6841641,BURNING FEET
1,1936973851,B9A502BA194F42C6BB74468D9DBDD42C,Offense,B9A502BA194F42C6BB74468D9DBDD42C,BLAZE
1,1357081579,482BBCD5E6814C3ABB3DC65943702623,Defense,482BBCD5E6814C3ABB3DC65943702623,FIRE WARD
1,622680583,3884EB7ED79749AE88BCEF0E6F3A064C,Mixed,3884EB7ED79749AE88BCEF0E6F3A064C,ERUPTION
1,1435593947,30A1C5EA91A64F81AF1307950B2DE6C5,Offense,30A1C5EA91A64F81AF1307950B2DE6C5,INFERNO
1,1648079120,D752A582BCC34DE3A3FFE5639AA4C898,Defense,D752A582BCC34DE3A3FFE5639AA4C898,EMBER FIRE
1,654421428,A992C061299C438EAC7B678C4A0DF9DF,Offense,A992C061299C438EAC7B678C4A0DF9DF,MOLTEN CORE
1,1907262252,67C7295752CD4EECAB7C5CCD2C7553D7,Control,67C7295752CD4EECAB7C5CCD2C7553D7,KNOCKOUT
1,1420181567,67B1D126C0B941AFB635505EE6850515,Mixed,67B1D126C0B941AFB635505EE6850515,MACH PUNCH
1,1938861925,DEA1F8E74395489386940B36ED25145E,Offense,DEA1F8E74395489386940B36ED25145E,CONFLAGRATION
1,2055623446,6538153828DF47CDB9D44FC307C43AA6,Offense,6538153828DF47CDB9D44FC307C43AA6,RAGING FIRE
1,763559277,77BFF9C330E24219B6974E9B9085A6BC,Offense,77BFF9C330E24219B6974E9B9085A6BC,MAGMA
369797039,1753487832,394DC1F8066249268886161296A2A222,Defense,394DC1F8066249268886161296A2A222,PERPETUITY
369797039,166822147,AFAB06BDD5B14CF585FFEF1263E256D7,Mobility,AFAB06BDD5B14CF585FFEF1263E256D7,FERVOR
369797039,287430235,5B96B6B239594AA2BCE8705F0B5A64F5,Control,5B96B6B239594AA2BCE8705F0B5A64F5,MUTE
369797039,217292709,B492DB9E886746828513C06F128FD169,Offense,B492DB9E886746828513C06F128FD169,DEVASTATION
369797039,6258350,29A1CA933CC94AA3A5FBE7F0F64D6F58,Defense,29A1CA933CC94AA3A5FBE7F0F64D6F58,RETURN
369797039,835136512,9C1A8643354B4D068EC6441991CDDA7C,Utility,9C1A8643354B4D068EC6441991CDDA7C,RUIN
369797039,540463439,D2BF3801B7D24247907CC82A2E46BF66,Control,D2BF3801B7D24247907CC82A2E46BF66,ZEAL
369797039,353408816,D3D62606D2AF4184A016FE32DC0817C7,Mixed,D3D62606D2AF4184A016FE32DC0817C7,CELERITY
369797039,31464054,57ECADE50ED1449EA482A6509F888FF5,Support,57ECADE50ED1449EA482A6509F888FF5,WONDER
369797039,670617675,421131FF14DF40728DB06CD93CFF8EDB,Utility,421131FF14DF40728DB06CD93CFF8EDB,LAW BENDER
369797039,1580302077,1AAD59FB48D340F5A96C81E3A6CE7BFA,Offense,1AAD59FB48D340F5A96C81E3A6CE7BFA,FRACTURE
369797039,1200081009,82BD30CF265D44C98C43F35A27C25123,Mobility,82BD30CF265D44C98C43F35A27C25123,INHIBITOR
369797039,1291502335,76597D4067104138A1CB83EC614D3874,Mixed,76597D4067104138A1CB83EC614D3874,KINETIC CORRUPTION
369797039,1816548215,7A869427B7FB4DE481EFF9C92605AB22,Offense,7A869427B7FB4DE481EFF9C92605AB22,ABSOLUTE POWER
369797039,1701689862,1C96173BA1F24D57879DA48B417A7DDA,Mixed,1C96173BA1F24D57879DA48B417A7DDA,SYNERGY
1908945514,1806673794,5CFF35BC067843CDAB664A39B059C1D1,Utility,5CFF35BC067843CDAB664A39B059C1D1,SHARED FATE
1908945514,201314590,10B561AB7CC6431DBD60BEDBF35373EB,Mixed,10B561AB7CC6431DBD60BEDBF35373EB,DEHYDRATION
1908945514,1269730667,EB4EC0B1707A49B7B25CEEBA534F5903,Mixed,EB4EC0B1707A49B7B25CEEBA534F5903,REWIND
1908945514,1248184226,FA8734FC72D04D6CA049D8214AF25697,Support,FA8734FC72D04D6CA049D8214AF25697,RENEW
1908945514,20562677,092BD4C364F042E99BB58C8A8D186056,Support,092BD4C364F042E99BB58C8A8D186056,RECREATE
1908945514,98401366,029617A3B9F646F291EE6FBE6E4B09AB,Utility,029617A3B9F646F291EE6FBE6E4B09AB,CHRONO SHIFT
1908945514,491976489,6C7B42FB59C64FFCB4FF9214103B4252,Offense,6C7B42FB59C64FFCB4FF9214103B4252,SAND STORM
1908945514,1545217945,EC58BE00B3CE49C0AE51D8A55C64D7DE,Mobility,EC58BE00B3CE49C0AE51D8A55C64D7DE,TIME WALKER
1908945514,1950760496,9935D81388B34D7BB9C2AB6BF2BCF1FB,Defense,9935D81388B34D7BB9C2AB6BF2BCF1FB,DRAIN
1908945514,1841895896,FF938089753C4EA59820AF5AE19C64AA,Mixed,FF938089753C4EA59820AF5AE19C64AA,STOLEN POWER
1908945514,282838847,AEFFA2EFF6404E5F80B295B05650EA7F,Control,AEFFA2EFF6404E5F80B295B05650EA7F,SAND TOMB
1908945514,368403622,B034836A7ACA40A3B1D016389C928486,Offense,B034836A7ACA40A3B1D016389C928486,REPETITION
1908945514,1023438624,84ACDD4AA4F24E4F9C6D78CA80996495,Offense,84ACDD4AA4F24E4F9C6D78CA80996495,TIME BURST
1908945514,860523484,B1EDA2489BBF41BAADAB8C983852E709,Support,B1EDA2489BBF41BAADAB8C983852E709,REVERSAL
1908945514,1063778174,BFB4C525AA4D47E3A841464E6E7A05C7,Support,BFB4C525AA4D47E3A841464E6E7A05C7,ETERNAL DUNES
1908945514,249985444,68B02FC16D06490D9F10F4B7D4D8C654,Offense,68B02FC16D06490D9F10F4B7D4D8C654,TEMPORAL STRIKE
44962063,517214319,AE52DA0ABF5542B9B3EBF5228AD6B8D6,Control,AE52DA0ABF5542B9B3EBF5228AD6B8D6,SOAKING WET
44962063,1696469421,C84FA0C4C8154052BF9B426828658FC0,Offense,C84FA0C4C8154052BF9B426828658FC0,RIPPLING WATERS
44962063,2112814882,49994F7CEF554F8D98651DA04D46BE88,Control,49994F7CEF554F8D98651DA04D46BE88,SPLASH DAMAGE
44962063,1379514767,7EFDA1E79AD7400F95B334BF5D669293,Support,7EFDA1E79AD7400F95B334BF5D669293,FOUNTAIN
44962063,407015891,0189A17F03624C2BAF082F5A87EDB5E8,Support,0189A17F03624C2BAF082F5A87EDB5E8,SPRING WATER
44962063,876487792,966E1172342F4201B52DA37FED90DDAA,Mobility,966E1172342F4201B52DA37FED90DDAA,OCEAN TIDE
44962063,125826883,4FBE521563094111B502A5E4269B754C,Mixed,4FBE521563094111B502A5E4269B754C,RIPTIDE
44962063,222099909,4587D296438C41C1B4446EF2FD231A98,Defense,4587D296438C41C1B4446EF2FD231A98,SEA BUBBLE
44962063,216821673,4D777D4C04904380BA24EF40A6DCBCBD,Control,4D777D4C04904380BA24EF40A6DCBCBD,GUSH
44962063,200449644,9E4C5352DCDB4CFE9EFDD7ECE0DAEFA8,Offense,9E4C5352DCDB4CFE9EFDD7ECE0DAEFA8,TSUNAMI
44962063,1187034236,C7ED937149FD4C61A02FAA2ACC595F36,Utility,C7ED937149FD4C61A02FAA2ACC595F36,OCEAN SAGE
44962063,831110438,3B6847021F68428790151792577DC33A,Support,3B6847021F68428790151792577DC33A,TASTY FISH
44962063,1815887668,9BAF08086FD2497884745A84733343A4,Mobility,9BAF08086FD2497884745A84733343A4,WATER WALK
44962063,245490691,6441BE53A9FE48E8B7102073C1C63C05,Control,6441BE53A9FE48E8B7102073C1C63C05,TERROR FROM THE DEEP
154382530,2063908705,70348C6B9904443E8FA05266605EDC97,Defense,70348C6B9904443E8FA05266605EDC97,BREATH OF AIR
154382530,1574739435,4AF1BD37CA4843CA99EDE4A01B2B1C7B,Control,4AF1BD37CA4843CA99EDE4A01B2B1C7B,COLD WIND
154382530,1642275706,C5A9361B18A64E9FBB2565F614794B40,Offense,C5A9361B18A64E9FBB2565F614794B40,CROSS CUT
154382530,40978156,96DF4EB46B7D479989ED88738DC3A55E,Mobility,96DF4EB46B7D479989ED88738DC3A55E,SURPRISE ATTACK
154382530,130759327,4E2A5ACFA88F46D8B177C9B6E58677A6,Control,4E2A5ACFA88F46D8B177C9B6E58677A6,HEAVY BOOMERANGS
154382530,539038640,9483D26EE25D4AC2A36DBCE03680F018,Support,9483D26EE25D4AC2A36DBCE03680F018,TAILWIND
154382530,953901511,17013F98B4794582BC7FE15D29F3E475,Defense,17013F98B4794582BC7FE15D29F3E475,GALE
154382530,1983744822,C91BBC55E1A74D59ADD96E5FD6743A2A,Mobility,C91BBC55E1A74D59ADD96E5FD6743A2A,WIND FURY
154382530,213707086,67B34EDCC1B543B4B3BDC0E1A307C637,Control,67B34EDCC1B543B4B3BDC0E1A307C637,CYCLONE
154382530,656903282,47425FA828534940850469D4ABC63A4D,Control,47425FA828534940850469D4ABC63A4D,VORTEX
154382530,1997274255,9FB3218EA6AC443CBCD9D13797FECA4B,Offense,9FB3218EA6AC443CBCD9D13797FECA4B,TRACKING
154382530,958165916,3161B103F73247D78A972D55E5BE4825,Mobility,3161B103F73247D78A972D55E5BE4825,WIND STREAM
154382530,428942702,AC7B5927C7744004BCE5FF0EC2285408,Utility,AC7B5927C7744004BCE5FF0EC2285408,THROWING TECHNIQUE
154382530,943160497,AD1D0829F06F43D2937564640E96C426,Offense,AD1D0829F06F43D2937564640E96C426,TURBULENCE
154382530,175641829,06D024AA1196456BA53582B482469366,Support,06D024AA1196456BA53582B482469366,WIND SHIELD
154382530,1029029146,118B3DDCBB3D4D1186EB33F7120AAA23,Control,118B3DDCBB3D4D1186EB33F7120AAA23,TORNADO BOOMERANG
1455985392,702513788,D1718FE040A14071A042183FBE082EFC,Offense,D1718FE040A14071A042183FBE082EFC,ENCHANTED WEAPON
1455985392,485174215,ED1D2D0B9AD7409293A848B12E1679F4,Mixed,ED1D2D0B9AD7409293A848B12E1679F4,CLEAVE
1455985392,711424279,EE2DB7FBA51142519F57C10BD553954D,Support,EE2DB7FBA51142519F57C10BD553954D,DEVOTION
1455985392,1304478623,5A992CA6CFF14D248B27F269AA56E375,Utility,5A992CA6CFF14D248B27F269AA56E375,FAITH
1455985392,906875908,67F552019C664E719CFB09BFC675DB4A,Offense,67F552019C664E719CFB09BFC675DB4A,PENITENCE
1455985392,966834991,726B7E9D18E74A2AAA61C4BF775BE991,Mobility,726B7E9D18E74A2AAA61C4BF775BE991,INITIATION
1455985392,686404876,AC19F941A7BF4E40B96CF518E5BC3D59,Mobility,AC19F941A7BF4E40B96CF518E5BC3D59,LIGHT SPEED
1455985392,1205288941,298C42C7BF8B408D912505B1811C6DB7,Defense,298C42C7BF8B408D912505B1811C6DB7,HALO
1455985392,730803886,BDC47C84C1954BA7B410DB88AB1B1E76,Offense,BDC47C84C1954BA7B410DB88AB1B1E76,HOLY FIRE
1455985392,1566601348,16AF9FFCD46C480E8389121E90D86E43,Control,16AF9FFCD46C480E8389121E90D86E43,HOLY SHACKLES
1455985392,1482138551,4E09FB59177F44BB860BC69D3A7D0BD6,Mobility,4E09FB59177F44BB860BC69D3A7D0BD6,VINDICATOR
1455985392,230638228,E9F87DABF7B748F6808CBCA2CEB7AC6C,Mixed,E9F87DABF7B748F6808CBCA2CEB7AC6C,GODLIKE
1455985392,647848553,1B08AD02053243C681D37C2B95C19C68,Support,1B08AD02053243C681D37C2B95C19C68,LIGHT'S EMBRACE
1455985392,891919250,147DF338EA9642E491BAAFDE96CD5649,Support,147DF338EA9642E491BAAFDE96CD5649,DIVINE PROTECTION
1455985392,892052891,C8A3616B26A14B80857CAC78D65A9768,Defense,C8A3616B26A14B80857CAC78D65A9768,DIVINE ABUNDANCE
1134478706,1204188116,049C90F0DFC7436FB1D60D5B2CD56D92,Support,049C90F0DFC7436FB1D60D5B2CD56D92,SPECTER
1134478706,2074038071,CC6D71A173384830B856C58CA6464899,Mobility,CC6D71A173384830B856C58CA6464899,SPIRIT WALKER
1134478706,590816708,57FAECE0A4CE4F01AA278C32D3CDD0BC,Defense,57FAECE0A4CE4F01AA278C32D3CDD0BC,INTO THE REALM
1134478706,2082777486,9CE88179C200443AA7DDF77293F08265,Mixed,9CE88179C200443AA7DDF77293F08265,SOUL THEFT
1134478706,684765307,51E90CA8FA8946DF81208355B1D64A28,Control,51E90CA8FA8946DF81208355B1D64A28,VENGEFUL SPIRIT
1134478706,354711193,DB2CF860E77B47D7ACB08E54897BF33B,Support,DB2CF860E77B47D7ACB08E54897BF33B,PHANTASM
1134478706,849902099,CE30F03AE93A4764A455452C591A8F20,Mixed,CE30F03AE93A4764A455452C591A8F20,GHOSTLY STRIKE
1134478706,1740981862,A868DC5B08F54846BF8DF054052A2285,Mobility,A868DC5B08F54846BF8DF054052A2285,SPIRITUAL WIND
1134478706,1435895087,7E8D237AB56048F396FFC3135682A372,Control,7E8D237AB56048F396FFC3135682A372,SOUL ESSENCE
1134478706,662054474,956ED99419034FE19A4C5BE052BFDD28,Offense,956ED99419034FE19A4C5BE052BFDD28,SILVER FANG
1134478706,1126732750,D767B3BF2BFD48FD9735D5FC6319123B,Control,D767B3BF2BFD48FD9735D5FC6319123B,DIRE WOLF
1134478706,920006272,238289A133B847B1A641A80A13BE0F10,Mixed,238289A133B847B1A641A80A13BE0F10,AFFECTION
1134478706,929293235,C70B1512CBB04ED4A7C663C5C8FE8702,Support,C70B1512CBB04ED4A7C663C5C8FE8702,PIXIE DUST
1134478706,279904849,1AE95A6EB83E4660B2C4A515FCC58431,Support,1AE95A6EB83E4660B2C4A515FCC58431,SHIMMERING BOND
1134478706,1811852644,9B68D4B3C26646E7822DB0FF080A27F1,Offense,9B68D4B3C26646E7822DB0FF080A27F1,DARK SOULS
1134478706,1641788288,64F8FFF55AD84E938314B7342D2689BE,Mixed,64F8FFF55AD84E938314B7342D2689BE,EQUILIBRIUM
1134478706,1080091564,9E3E4769EAAE4A9FAF04E7C0FEC4DB15,Control,9E3E4769EAAE4A9FAF04E7C0FEC4DB15,CONDEMN
1208445212,757991986,1565D14A05724043995FC4E60C6463B0,Defense,1565D14A05724043995FC4E60C6463B0,MENDING TOXIN
1208445212,479638717,5D0A5D2E8BC846178DA97A819E9881C6,Utility,5D0A5D2E8BC846178DA97A819E9881C6,SPIT SPIT SPIT
1208445212,1229349902,22372826A84A4ECA852C881FD2892108,Offense,22372826A84A4ECA852C881FD2892108,TRIPLE STRIKE
1208445212,2041812115,369FD331AD4A4D4D914DE86FEFFCF132,Defense,369FD331AD4A4D4D914DE86FEFFCF132,JUNGLE TOAD
1208445212,1996009437,F157D385376F45309102BE63A73C3EF5,Offense,F157D385376F45309102BE63A73C3EF5,VENOM STRIKE
1208445212,1371108188,92060C10CED04DE1A222CBD070548F1D,Control,92060C10CED04DE1A222CBD070548F1D,NOXIOUS REACTION
1208445212,1163215076,A93A337007FC4960841B53F776E7F78C,Utility,A93A337007FC4960841B53F776E7F78C,TRICKERY
1208445212,569684799,533914AF536241DDBBD8FD0DE14AB06D,Offense,533914AF536241DDBBD8FD0DE14AB06D,FROG FRENZY
1208445212,2068941749,39B625BAB5904AD19615358835A6C531,Mobility,39B625BAB5904AD19615358835A6C531,MOMENTUM
1208445212,1137504969,A714B6770D934943BA0AD4C1F8E0A04D,Offense,A714B6770D934943BA0AD4C1F8E0A04D,LETHAL TOXINS
1208445212,749909245,EC41554E76FE4AE282DD19AB707BEF15,Mobility,EC41554E76FE4AE282DD19AB707BEF15,TIME TO STRIKE
1208445212,1871170466,0A1875431F954602A7E39335DA5C2FB7,Defense,0A1875431F954602A7E39335DA5C2FB7,SLIPPERY SKIN
1208445212,172704482,644F7B19D53E4384BD86A1B39A8ECE86,Mobility,644F7B19D53E4384BD86A1B39A8ECE86,FROG SLICE
1208445212,1822167047,25CF1D934A1847639FFC1E97B4AD706F,Control,25CF1D934A1847639FFC1E97B4AD706F,MAIMING CUT
1208445212,51102982,695F3A62B98A4EB7BAC64E4C1B86345F,Utility,695F3A62B98A4EB7BAC64E4C1B86345F,PUDDLE JUMPER
1208445212,2071425207,5296847CF162413C91603A1AEDCDF9A0,Offense,5296847CF162413C91603A1AEDCDF9A0,VICIOUS STRIKE
39373466,1259209412,3074486FAA6841EFB96919540F804680,Control,3074486FAA6841EFB96919540F804680,PERFECT SHOT
39373466,947794119,FE00F93761AE4559B3BF21503721C3A0,Offense,FE00F93761AE4559B3BF21503721C3A0,POWER SHOT
39373466,1291322215,347A9BBCF06746AE93283BCAEB305EE6,Defense,347A9BBCF06746AE93283BCAEB305EE6,PREY DRIVE
39373466,775113179,0CA9FDE233B0464CBE0C5BB7F86E6701,Mobility,0CA9FDE233B0464CBE0C5BB7F86E6701,VIPER
39373466,1717360654,D18F31653FDC4C0FAFEAB763C1AC4227,Offense,D18F31653FDC4C0FAFEAB763C1AC4227,PRECISION
39373466,578500328,71A00F0D03A041CDAF8FDAE00C15E629,Utility,71A00F0D03A041CDAF8FDAE00C15E629,MARKSMAN
39373466,1042943470,61CE11A5656D475C99F92D74B99FEC9F,Control,61CE11A5656D475C99F92D74B99FEC9F,CRIPPLING HAIL
39373466,1813257010,46F27179C92D43E8BA3B159A0C6F7140,Offense,46F27179C92D43E8BA3B159A0C6F7140,ARROW STORM
39373466,963393208,6CD1C439AF9B4E18A5F576D3282AD03A,Offense,6CD1C439AF9B4E18A5F576D3282AD03A,DEADLY TRAP
39373466,157163352,5684406B83594CD99DB9D3484841535C,Control,5684406B83594CD99DB9D3484841535C,TRAPPER
39373466,293805237,406BDFDC40974B6CAE039DAAB9A2E400,Mixed,406BDFDC40974B6CAE039DAAB9A2E400,DISABLING TRAP
39373466,1709776181,C5314931FF3043FB82B4B3310B6D0196,Mobility,C5314931FF3043FB82B4B3310B6D0196,PANTHER
39373466,1240189838,913C89421C91416497D036B267505A7F,Offense,913C89421C91416497D036B267505A7F,DEADEYE
39373466,1020343513,7D82A0530AD342E4933933197AD90682,Offense,7D82A0530AD342E4933933197AD90682,DEATH MARK
763360732,981930995,A2FA2E7CECEB46B3B8E7563E5B643D75,Offense,A2FA2E7CECEB46B3B8E7563E5B643D75,THRUST
763360732,1733483752,D481607885334501BA34D64D996ADAA6,Mobility,D481607885334501BA34D64D996ADAA6,SPEAR LUNGE
763360732,1643480921,94137FAD6B4241428081D978B52C8B17,Defense,94137FAD6B4241428081D978B52C8B17,CEREMONIAL SPEAR
763360732,744679762,6E37A8F3039A4324BC86FD4BB59C0012,Utility,6E37A8F3039A4324BC86FD4BB59C0012,THE SPEAR IS THE WAY
763360732,1340706488,41DAF2EF48CD4AA0A9B41F37BD5CC13B,Support,41DAF2EF48CD4AA0A9B41F37BD5CC13B,MEDITATION
763360732,222764337,027029077A784E18865B36665CCE0842,Control,027029077A784E18865B36665CCE0842,SKEWER
763360732,1423694444,F148E54CC6A34E97A7185C690EE638BB,Offense,F148E54CC6A34E97A7185C690EE638BB,POISED TO STRIKE
763360732,55134935,0CC486E3CD96408D952621B59A05EE73,Defense,0CC486E3CD96408D952621B59A05EE73,MANTRA
763360732,1018739404,8578C386A2224B2FBF26376FDD39A2F8,Mobility,8578C386A2224B2FBF26376FDD39A2F8,SPEAR SLINGER
763360732,1962320608,5DC5323A8B1B40B98F432DB3BDE56A08,Utility,5DC5323A8B1B40B98F432DB3BDE56A08,JAVELIN MASTER
763360732,1873968515,1BDBA27DA0B34B038F98AD99C45FB629,Control,1BDBA27DA0B34B038F98AD99C45FB629,DIRTY TRICKS
763360732,540902775,A844225B43204BE1948D985F12987F77,Mixed,A844225B43204BE1948D985F12987F77,WHIRLING BLADE
763360732,891584855,32C3D9805D474D878B55A9C8DDD4C0CC,Mobility,32C3D9805D474D878B55A9C8DDD4C0CC,SPEAR DANCE
763360732,513315594,4FE637D86E3D47D7858E931A514ABF46,Offense,4FE637D86E3D47D7858E931A514ABF46,FEROCIOUS STANCE
763360732,1346094552,3CCB76CDB9F44999B8EB561ABD36B6D1,Offense,3CCB76CDB9F44999B8EB561ABD36B6D1,READIED OFFENSE
763360732,1636842876,584B3962F94342DDBB1DF62B4874306E,Offense,584B3962F94342DDBB1DF62B4874306E,READIED BLADE
1606711539,1684733100,BB06501399BF471BB2B8345E151FCC3F,Offense,BB06501399BF471BB2B8345E151FCC3F,STATIC HAMMERS
1606711539,530788143,D27D8BB80553492E90171040EF47DA60,Mixed,D27D8BB80553492E90171040EF47DA60,TWIN HAMMERS
1606711539,1782477926,8E0014FAF738438A8CD327B5FAC76E00,Offense,8E0014FAF738438A8CD327B5FAC76E00,THUNDERBOLT
1606711539,339680124,A787210BF7A14874A9DB74D046EA1493,Mobility,A787210BF7A14874A9DB74D046EA1493,TEMPEST
1606711539,362441621,3C8244B82B974FFEBC525DDC3C039EAC,Mobility,3C8244B82B974FFEBC525DDC3C039EAC,THUNDERING SPRING
1606711539,1148917272,6215D6EF1D0642FE854B2B169FD6305D,Offense,6215D6EF1D0642FE854B2B169FD6305D,LIGHTNING SPEED
1606711539,63336457,ABE769E510794D038DA0879A5772F3A2,Defense,ABE769E510794D038DA0879A5772F3A2,ELECTRIC CONDUCTION
1606711539,2057222888,E0519D305F1E4402A74D0BA128D82200,Mixed,E0519D305F1E4402A74D0BA128D82200,OVERCHARGE
1606711539,1552462404,30A438EE317945D2A739EA7DEE485225,Offense,30A438EE317945D2A739EA7DEE485225,HAMMER TIME
1606711539,1304375702,7DE89784D7CE42408B46A5EFFFCD6C41,Offense,7DE89784D7CE42408B46A5EFFFCD6C41,TORRENT
1606711539,741331570,57492408A3B64094A0EF8E5A7A24296C,Mobility,57492408A3B64094A0EF8E5A7A24296C,ROLLING THUNDER
1606711539,1886608885,37B0FB73684F462FB651C4C9295C9463,Mixed,37B0FB73684F462FB651C4C9295C9463,SURGE
1606711539,507002134,8C1EDF2ACBC64F99BEC0879519E91CCC,Control,8C1EDF2ACBC64F99BEC0879519E91CCC,THUNDERSTRUCK
1606711539,1259138549,0DA36303446648569E088D745EF8DBB1,Offense,0DA36303446648569E088D745EF8DBB1,POSITIVE CHARGE
1606711539,191073251,4EDF77C150B743C280D0E2A0E952862E,Defense,4EDF77C150B743C280D0E2A0E952862E,LIGHTNING ROD
1661996559,2098043378,291D4BB8EC3C4090947D0D1BC276581B,Control,291D4BB8EC3C4090947D0D1BC276581B,GO FOR THE THROAT
1661996559,2086767439,B345FAACFB4042A690FCEA2D56FC632A,Offense,B345FAACFB4042A690FCEA2D56FC632A,DEADLY STAR
1661996559,2013471163,341855386AEC48299A82F7BE5F680F57,Mobility,341855386AEC48299A82F7BE5F680F57,CRIMSON BLUR
1661996559,2012690721,AB2E5F9A90154418A7EFE5F958CDC6B0,Defense,AB2E5F9A90154418A7EFE5F958CDC6B0,SHROUD OF SHADOWS
1661996559,1721974643,69D6F56AF84643A9B3D3BE39D44C22F3,Defense,69D6F56AF84643A9B3D3BE39D44C22F3,TASTE OF BLOOD
1661996559,2048527880,74F718A402CE4E128B4C3D3FE9925FAF,Defense,74F718A402CE4E128B4C3D3FE9925FAF,DRAWING BLOOD
1661996559,979059286,774D8545702447DA8A0974E71F34A1DC,Control,774D8545702447DA8A0974E71F34A1DC,CRIPPLE
1661996559,1283299677,C534FFF3DF154CA4B0654536353AADA5,Mobility,C534FFF3DF154CA4B0654536353AADA5,PUSH OFF
1661996559,1781664541,E89B273244F94E59BB880FB9375D84A7,Control,E89B273244F94E59BB880FB9375D84A7,DEEP WOUNDS
1661996559,956862383,88E0C5E619C94BB29C503998268B34D1,Offense,88E0C5E619C94BB29C503998268B34D1,PHANTOM BLADES
1661996559,1247401427,8B2953AB37D64BCAADB539CCC5AA280E,Mobility,8B2953AB37D64BCAADB539CCC5AA280E,FIRING MECHANISM
1661996559,698121508,5FE22EB520504788BA3E0956517A0FF6,Control,5FE22EB520504788BA3E0956517A0FF6,MOMENTUM STRIKE
1661996559,945842060,D5C9A9649CC64B7EAB6111DB74476092,Utility,D5C9A9649CC64B7EAB6111DB74476092,SHADOW DOUBLE
1661996559,951988203,9D9E5262D85647CD80D8BE448A89D2E8,Offense,9D9E5262D85647CD80D8BE448A89D2E8,QUICK STRIKE
1661996559,1619184549,A3D02BED174E4D5CA6AF066137450007,Defense,A3D02BED174E4D5CA6AF066137450007,DECEPTIVE MOMENTUM
1496688063,87341220,9A219758E56046A5BF6B6FC7F40D347E,Utility,9A219758E56046A5BF6B6FC7F40D347E,PHANTASMAGORIA
1496688063,1506154007,057A72186F144469865F2291EE4FFD5B,Support,057A72186F144469865F2291EE4FFD5B,SHOWDOWN
1496688063,595343721,3622635508304CB98A8D5CB2DD283EE6,Control,3622635508304CB98A8D5CB2DD283EE6,LASTING FORM
1496688063,811462613,321C0753D4964BB99C92574F515456A0,Defense,321C0753D4964BB99C92574F515456A0,BUNNY HOP
1496688063,872856903,F41575377DE54DA4BA5CF5B8F748A725,Offense,F41575377DE54DA4BA5CF5B8F748A725,ACE UP THE SLEEVE
1496688063,1788129684,BD6444C7AD9C43A7884AC69889016246,Control,BD6444C7AD9C43A7884AC69889016246,AWESTRUCK
1496688063,1693818272,1E9B955E6EA14741A24C4B29665E1E24,Offense,1E9B955E6EA14741A24C4B29665E1E24,POOF!
1496688063,88894505,0A538A32AAF54247BA2171203292EAA9,Offense,0A538A32AAF54247BA2171203292EAA9,LEAD ASTRAY
1496688063,1154610081,09F87AA327694040AF9C77875E2777DB,Mobility,09F87AA327694040AF9C77875E2777DB,LATE TO THE SHOW
1496688063,884497595,4BD9774E9BB5435FAECC6FDB1DC5F993,Mixed,4BD9774E9BB5435FAECC6FDB1DC5F993,THE BIG STAGE
1496688063,1024961155,3CA35A1E70B64C3D97E028766F9CA6AF,Support,3CA35A1E70B64C3D97E028766F9CA6AF,HEART RESTORATION
1496688063,1892915222,D7132D4175B841E0BA01B3670FE9EA29,Mixed,D7132D4175B841E0BA01B3670FE9EA29,STACKED DECK
1496688063,1120520824,7BF11ECCFDCB46A69D014A144DE1E187,Utility,7BF11ECCFDCB46A69D014A144DE1E187,THREE OF A KIND
1496688063,120265487,DAB08CC139954C908792EA1506E2F10F,Utility,DAB08CC139954C908792EA1506E2F10F,AROUND THE WORLD
1496688063,982286593,FB77B6FF2FCE497295304CB8EFF66D1E,Utility,FB77B6FF2FCE497295304CB8EFF66D1E,ARCANE SHENANIGANS
1377055301,1948090688,A310FE23F5A148B6BA1340AC29400544,Control,A310FE23F5A148B6BA1340AC29400544,EXHAUST
1377055301,886310780,695226C7338141F185CDD3DBB80DB977,Utility,695226C7338141F185CDD3DBB80DB977,WARLOCK'S GRIP
1377055301,1391836164,BE9D5B666FFF40B0A3A46C3FF6C7607B,Control,BE9D5B666FFF40B0A3A46C3FF6C7607B,DISRUPTION
1377055301,1423255236,EB7EB8C839C34EE4BEC2DE5EA0B0E440,Offense,EB7EB8C839C34EE4BEC2DE5EA0B0E440,COLLAPSE
1377055301,1075244276,5E6B532D77834C179EE488DF0084637C,Offense,5E6B532D77834C179EE488DF0084637C,WREAK HAVOC
1377055301,1352137996,D677B10BFC784C3086A7C0A651D5BF24,Offense,D677B10BFC784C3086A7C0A651D5BF24,CHAOS BARRAGE
1377055301,392734428,6BFBB76C4CED42269CE9808C9C90B79E,Mobility,6BFBB76C4CED42269CE9808C9C90B79E,WHIZZ
1377055301,1071140601,407CFE22D65D48859B441D2C50AE200E,Offense,407CFE22D65D48859B441D2C50AE200E,FEEDBACK
1377055301,1890671384,FC9B9E6904314E3EAD4D45333362E602,Defense,FC9B9E6904314E3EAD4D45333362E602,SPELL EATER
1377055301,2065576029,8C9B78EF93AC40EA861D2DCEC78E7DC6,Mobility,8C9B78EF93AC40EA861D2DCEC78E7DC6,IMP RUSH
1377055301,1251073547,9A1FF4058DF548C88CDB52FA5FB7D6B0,Support,9A1FF4058DF548C88CDB52FA5FB7D6B0,UNDERMINE
1377055301,649036082,FC822906932448CD9C50C43B377C9267,Offense,FC822906932448CD9C50C43B377C9267,FACE MELT
1377055301,1525908617,D264C255B50A4CE59679D360781900FF,Utility,D264C255B50A4CE59679D360781900FF,BOLTED
1377055301,971215325,0B015976CBE244879F5276C5A6C23FF3,Support,0B015976CBE244879F5276C5A6C23FF3,TOME OF RESTORATION
1377055301,718289394,0558366D357E4E4991F512C82C3ADBD7,Offense,0558366D357E4E4991F512C82C3ADBD7,GRIMOIRE OF DEATH
1377055301,1584481740,3983E8D8EFEC45258CFFA3E3594648EE,Support,3983E8D8EFEC45258CFFA3E3594648EE,KEEP AWAY!
1463164578,366089384,41AA70B9F1E54CF18E8A4410FC4D71EB,Offense,41AA70B9F1E54CF18E8A4410FC4D71EB,WHIPLASH
1463164578,1251618107,B823A0D5A8E042F48E63FC3A76321604,Utility,B823A0D5A8E042F48E63FC3A76321604,DEEP BURROW
1463164578,473718270,F1BA3CFDE399484BAB90F12B47DF6D09,Mixed,F1BA3CFDE399484BAB90F12B47DF6D09,LURKER
1463164578,2049539565,A1D34127BB4F4F3985605C324A7E6559,Offense,A1D34127BB4F4F3985605C324A7E6559,IMPALING ROOTS
1463164578,1145760312,D6932956635546DE9603184BC34B0603,Support,D6932956635546DE9603184BC34B0603,NEUROTOXIN
1463164578,648166358,7256A6F3CDB2444A94F852AA910C502A,Control,7256A6F3CDB2444A94F852AA910C502A,HAMSTRING BRIARS
1463164578,2096305174,43A897038AED4E31BB058CD8F7DA6CF9,Offense,43A897038AED4E31BB058CD8F7DA6CF9,PARASITIC STEMS
1463164578,1884098191,44A14E229D6F4A4DB26B6C65D9E7CF62,Offense,44A14E229D6F4A4DB26B6C65D9E7CF62,SINISTER SAP
1463164578,803048834,4889CAB20D8A43FD920E76FB0A5E1341,Mixed,4889CAB20D8A43FD920E76FB0A5E1341,CRITICAL BACKLASH
1463164578,1195945169,353EBB4B4D7E4FDB9256965A7A32D0B1,Defense,353EBB4B4D7E4FDB9256965A7A32D0B1,REGROWTH
1463164578,1569020024,A48F1818F96A43CE8D3A0023F5FAEC28,Offense,A48F1818F96A43CE8D3A0023F5FAEC28,NO ESCAPE
1463164578,1906802537,D384B967D79C4B94943D00A8AFA00036,Control,D384B967D79C4B94943D00A8AFA00036,CREEPING ROOTS
1463164578,1931152114,F086F7079AF34D5FA0B4B90FA441A229,Defense,F086F7079AF34D5FA0B4B90FA441A229,FEARSOME UPROOTAL
1463164578,1967360634,7F8EC71B27574EB4A7D214601ED87523,Control,7F8EC71B27574EB4A7D214601ED87523,GROUNDING GRASP
1463164578,1775607993,AB78C6F5F78B493F9EBE5A8B28D29CAA,Offense,AB78C6F5F78B493F9EBE5A8B28D29CAA,BRANCH OUT
870711570,584699535,00D98163A14F40788F6C69FFBBEE86D6,Defense,00D98163A14F40788F6C69FFBBEE86D6,PLASMA INFUSION
870711570,2092791983,60C3D20758B644CB851740A091BC2C32,Offense,60C3D20758B644CB851740A091BC2C32,POWER ATTACHMENT
870711570,2122427487,AEDC22091CEE4F85AA6631BFDE956BA6,Control,AEDC22091CEE4F85AA6631BFDE956BA6,SYSTEM SHOCK
870711570,1045864183,218FAF7A18E94536A24E7FB42E35B246,Offense,218FAF7A18E94536A24E7FB42E35B246,SIZZLE
870711570,1589689187,1180FD765D0046D9ADA41B5612DF9758,Offense,1180FD765D0046D9ADA41B5612DF9758,VIOLENT REVOLUTION
870711570,1347642488,4E3CD0D982FE49529FCCE01C523B25AC,Mobility,4E3CD0D982FE49529FCCE01C523B25AC,GLOBETROTTER
870711570,1553167888,DA09302040564E0BA22262B080952F65,Mixed,DA09302040564E0BA22262B080952F65,DISPATCH
870711570,1112803595,21CBC95A10244EE68AD17C1CAD8B87B9,Mobility,21CBC95A10244EE68AD17C1CAD8B87B9,PLASMA BOOSTER
870711570,259558231,06B4795BFE39440AA30D6DA2E6E3306B,Control,06B4795BFE39440AA30D6DA2E6E3306B,EXPANSION PACK
870711570,707113819,9C96236950B345479C00137547E47994,Defense,9C96236950B345479C00137547E47994,ENERGY CONVERSION
870711570,93506493,1D565B3F923442BFA638AD167FE6D996,Offense,1D565B3F923442BFA638AD167FE6D996,BLAST PROCESSING
870711570,1606498222,9E4B3558D69242EEBEDEA081D65B2085,Mixed,9E4B3558D69242EEBEDEA081D65B2085,PLASMA ACCELERATOR
870711570,578444245,5508276A24314F418ED51D04EF7CEC52,Mobility,5508276A24314F418ED51D04EF7CEC52,TRANSFORMER
870711570,160230812,BC0B8686DF4A4C82A52BF10421A03995,Mixed,BC0B8686DF4A4C82A52BF10421A03995,I/O THROTTLING
1749055646,949987667,C6B984FD97974E9D8DE07D5CE7DB81BE,Defense,C6B984FD97974E9D8DE07D5CE7DB81BE,OVERFLOWING POWER
1749055646,1305500345,08EF3EBA3B9C40AA9DDFF060458753DD,Mobility,08EF3EBA3B9C40AA9DDFF060458753DD,HEADLONG RUSH
1749055646,2062860382,EBA4FC32BC1C4A73A34FABA6248EA984,Control,EBA4FC32BC1C4A73A34FABA6248EA984,BINDING LIGHT
1749055646,674446208,F5574154BE8A451E88462A3454D0B339,Offense,F5574154BE8A451E88462A3454D0B339,ROYAL DESCENT
1749055646,1190140093,7B58031AA8C642CDB5CFB2A63B21DD74,Support,7B58031AA8C642CDB5CFB2A63B21DD74,HAWK DIVE
1749055646,1701488355,B01E673198D44C699D280FF908AF86F9,Utility,B01E673198D44C699D280FF908AF86F9,ACROBATICS
1749055646,2044243739,301108FF4B704C1FB1B3E74A8C1EA4FC,Support,301108FF4B704C1FB1B3E74A8C1EA4FC,INVIGORATE
1749055646,1732729597,C22F06C878EC44258478D17B3B1FC30B,Offense,C22F06C878EC44258478D17B3B1FC30B,RIPOSTE
1749055646,495562173,9CA814AEEAB5408CA43CC257C99F6B22,Defense,9CA814AEEAB5408CA43CC257C99F6B22,DUELIST
1749055646,2072828814,A480A76CE62847FCA49EC68D2EF05E5A,Mixed,A480A76CE62847FCA49EC68D2EF05E5A,AERIAL STRIKE
1749055646,1069414475,C803935D21D84F509CE3009588EA882E,Offense,C803935D21D84F509CE3009588EA882E,PERILOUS HEIGHT
1749055646,72350836,8C8FB2CFA54C4C3194B3B326DEDE6340,Defense,8C8FB2CFA54C4C3194B3B326DEDE6340,SEISMIC RETRIBUTION
1749055646,1554437885,C9507B80FDBF4D2AA55CADFF34DF7FD2,Utility,C9507B80FDBF4D2AA55CADFF34DF7FD2,DRAGON MASTERY
1749055646,286613610,7833B5889BD24193BD59B683637B3B70,Mixed,7833B5889BD24193BD59B683637B3B70,THE TIGER AND THE DRAGON
1422481252,1988118460,04D080C459F74E2B91680F4945754F47,Defense,04D080C459F74E2B91680F4945754F47,THE RED AXE
1422481252,1704813012,2EF2D84B91504C569D13B3148EDAC908,Offense,2EF2D84B91504C569D13B3148EDAC908,HOWLING AXES
1422481252,864889084,A88B38FDE8934997877BA3FF61B48DEB,Control,A88B38FDE8934997877BA3FF61B48DEB,HAMSTRING
1422481252,646847542,6C324C68CEE44C50AA505F2D70D6E89A,Offense,6C324C68CEE44C50AA505F2D70D6E89A,WARLORD'S AXE
1422481252,1864097346,FEA67AB4192249CDA9E65533F0DCA098,Offense,FEA67AB4192249CDA9E65533F0DCA098,ADRENALINE RUSH
1422481252,1132855849,F2C10499A04C453D9A5200363A2D48B4,Support,F2C10499A04C453D9A5200363A2D48B4,BRAVERY
1422481252,330477715,2286EAB1340541B0BE3178D87D4827C7,Mixed,2286EAB1340541B0BE3178D87D4827C7,HEROIC LEAP
1422481252,1420218818,7C7DE4823EFB4D41B04A9F3623B56BD5,Support,7C7DE4823EFB4D41B04A9F3623B56BD5,SHIELD BASH
1422481252,1031506765,3811EF0E54314E4EBB7C60FCBCB780B7,Mobility,3811EF0E54314E4EBB7C60FCBCB780B7,MOBILE DEFENCE
1422481252,2052646879,67AEEBCC33194A9BA0CD1A3FCF3C4A60,Control,67AEEBCC33194A9BA0CD1A3FCF3C4A60,DIZZYING DASH
1422481252,515896055,8C1D214F894C4BE9B5ECEFDBCC31F54B,Offense,8C1D214F894C4BE9B5ECEFDBCC31F54B,ADRENALINE SLAM
1422481252,1945460476,5318640440D64316889E36BCAA3B803A,Mobility,5318640440D64316889E36BCAA3B803A,RAGING RAM
1422481252,1649637372,84BA2EEA2521414ABA13D8EA42C32BA1,Control,84BA2EEA2521414ABA13D8EA42C32BA1,MAMMOTH STOMP
1422481252,1728454583,13F46339673F4924B39749A2A094565F,Support,13F46339673F4924B39749A2A094565F,HOLD THE LINE
1422481252,702946126,539E726A0F724DBD9CF83540918F104D,Offense,539E726A0F724DBD9CF83540918F104D,RAMPAGE
