Outfit ID,Outfit Lookup ID,Rarity,Code,Value
1908777750,9340DF1E658A41FC9BF6874B082EDA6D,Epic,9340DF1E658A41FC9BF6874B082EDA6D,THE PRINCE OF QUNA
801831134,39436F3CE909498A923B30B0F6BBB32E,Legendary,39436F3CE909498A923B30B0F6BBB32E,STAR OF THE SHOW
1414181217,4713DF25E0704BC1A33FF88ED0F6D892,Legendary,4713DF25E0704BC1A33FF88ED0F6D892,FROG KING
71589701,FF4569572AF74554B3ABD9F9C07BBCEA,Epic,FF4569572AF74554B3ABD9F9C07BBCEA,RAZORBACK HUNTER
1287822549,32F107E172844744B910D2A10BD2E74E,Epic,32F107E172844744B910D2A10BD2E74E,DEVOTCHKA
316434184,BB234B3E15224955A55B989F247EB184,Legendary,BB234B3E15224955A55B989F247EB184,D35-71NY SENTINEL SUIT
1167399417,E0286BBADE74461E9EC8ECE5B80A30FF,Legendary,E0286BBADE74461E9EC8ECE5B80A30FF,THUNDERTRIBE TRAINER
240604967,E90F089C0570470294FCA3C6BF9A58A4,Epic,E90F089C0570470294FCA3C6BF9A58A4,DARK TEMPLAR
461908370,1660133B877747E689DEEC763D1F531F,Epic,1660133B877747E689DEEC763D1F531F,TOLEEN ACADEMY UNIFORM
1720851811,ED8937C80AAE4636B34D4C0B2A1A2CF4,Epic,ED8937C80AAE4636B34D4C0B2A1A2CF4,CAPTAIN OF CAPE KAAL
715507671,EA7AAC7A9E1E4DE182DB4EA6FA448107,Legendary,EA7AAC7A9E1E4DE182DB4EA6FA448107,BLACKSTONE UNDERTAKER
1964312151,112EF00F0C824A249B91F1942E5773C7,Legendary,112EF00F0C824A249B91F1942E5773C7,MEOW-VA
359717017,29FB3045FE6E4243AA91308D9FA9F807,Legendary,29FB3045FE6E4243AA91308D9FA9F807,CAPTAIN OF THE CRIMSON JAWS
55797749,179B15BED4034EA2AAFD095642471A05,Legendary,179B15BED4034EA2AAFD095642471A05,THE TIME JESTER
442342370,39D256271E16456E8EC352C3CB87D778,Common,39D256271E16456E8EC352C3CB87D778,DEFAULT OUTFIT
1004532634,39D256271E16456E8EC352C3CB87D778,Common,39D256271E16456E8EC352C3CB87D778,DEFAULT OUTFIT
303690117,39D256271E16456E8EC352C3CB87D778,Common,39D256271E16456E8EC352C3CB87D778,DEFAULT OUTFIT
229430644,39D256271E16456E8EC352C3CB87D778,Common,39D256271E16456E8EC352C3CB87D778,DEFAULT OUTFIT
2123680220,39D256271E16456E8EC352C3CB87D778,Common,39D256271E16456E8EC352C3CB87D778,DEFAULT OUTFIT
833481106,39D256271E16456E8EC352C3CB87D778,Common,39D256271E16456E8EC352C3CB87D778,DEFAULT OUTFIT
543768686,39D256271E16456E8EC352C3CB87D778,Common,39D256271E16456E8EC352C3CB87D778,DEFAULT OUTFIT
893016916,39D256271E16456E8EC352C3CB87D778,Common,39D256271E16456E8EC352C3CB87D778,DEFAULT OUTFIT
570827724,39D256271E16456E8EC352C3CB87D778,Common,39D256271E16456E8EC352C3CB87D778,DEFAULT OUTFIT
576879792,39D256271E16456E8EC352C3CB87D778,Common,39D256271E16456E8EC352C3CB87D778,DEFAULT OUTFIT
971034357,39D256271E16456E8EC352C3CB87D778,Common,39D256271E16456E8EC352C3CB87D778,DEFAULT OUTFIT
1196866572,39D256271E16456E8EC352C3CB87D778,Common,39D256271E16456E8EC352C3CB87D778,DEFAULT OUTFIT
1328129516,39D256271E16456E8EC352C3CB87D778,Common,39D256271E16456E8EC352C3CB87D778,DEFAULT OUTFIT
417844643,39D256271E16456E8EC352C3CB87D778,Common,39D256271E16456E8EC352C3CB87D778,DEFAULT OUTFIT
216546127,39D256271E16456E8EC352C3CB87D778,Common,39D256271E16456E8EC352C3CB87D778,DEFAULT OUTFIT
304486655,39D256271E16456E8EC352C3CB87D778,Common,39D256271E16456E8EC352C3CB87D778,DEFAULT OUTFIT
1379696215,39D256271E16456E8EC352C3CB87D778,Common,39D256271E16456E8EC352C3CB87D778,DEFAULT OUTFIT
1711378052,39D256271E16456E8EC352C3CB87D778,Common,39D256271E16456E8EC352C3CB87D778,DEFAULT OUTFIT
1732432398,39D256271E16456E8EC352C3CB87D778,Common,39D256271E16456E8EC352C3CB87D778,DEFAULT OUTFIT
1895493670,39D256271E16456E8EC352C3CB87D778,Common,39D256271E16456E8EC352C3CB87D778,DEFAULT OUTFIT
922018493,39D256271E16456E8EC352C3CB87D778,Common,39D256271E16456E8EC352C3CB87D778,DEFAULT OUTFIT
1667537707,39D256271E16456E8EC352C3CB87D778,Common,39D256271E16456E8EC352C3CB87D778,DEFAULT OUTFIT
1478858753,39D256271E16456E8EC352C3CB87D778,Common,39D256271E16456E8EC352C3CB87D778,DEFAULT OUTFIT
882639065,39D256271E16456E8EC352C3CB87D778,Common,39D256271E16456E8EC352C3CB87D778,DEFAULT OUTFIT
364976110,320288DAB51F4402885FA85FA68EB535,Rare,320288DAB51F4402885FA85FA68EB535,NAVY BLUE
433949691,C0ACBBA4DF5A40638E2CF088A7DAAAD4,Epic,C0ACBBA4DF5A40638E2CF088A7DAAAD4,SPUNKY PINK
204306023,CCB4DB0ECE344601935DA20B3BE2477C,Rare,CCB4DB0ECE344601935DA20B3BE2477C,SUMMER TAN
828786001,00CAEEB0D42E4C77BECD566A4779E6DA,Rare,00CAEEB0D42E4C77BECD566A4779E6DA,WARM BROWN
295297654,244CC76C333B4F8696A7B9AA66AD2507,Epic,244CC76C333B4F8696A7B9AA66AD2507,MOON NIGHT
581247895,9E99F88FEBD7422D9D421859E9E381E8,Legendary,9E99F88FEBD7422D9D421859E9E381E8,BOLD ADVENTURER
2101526377,8387301C6327479FA774C0BA3B534B32,Epic,8387301C6327479FA774C0BA3B534B32,DAYLIGHT
1802312712,E6A4FE2EAEDF430AB3F777A4D9975A72,Rare,E6A4FE2EAEDF430AB3F777A4D9975A72,SAPPHIRE ROBE
254956913,950A72755C1D44E387194394D146DC93,Rare,950A72755C1D44E387194394D146DC93,ALMANDINE ROBE
325120423,3E65B1B06694498B89F18603C71CCCC9,Rare,3E65B1B06694498B89F18603C71CCCC9,PURPLE ROBE
1009330538,D33A194B8B4B483888F5BBFCE615A2AB,Rare,D33A194B8B4B483888F5BBFCE615A2AB,SAND ROBE
150419026,1D2D50A1C68B457F9B0B0056EF07A3D5,Epic,1D2D50A1C68B457F9B0B0056EF07A3D5,ROYAL GARMENT
634330309,39D256271E16456E8EC352C3CB87D778,Common,39D256271E16456E8EC352C3CB87D778,DEFAULT OUTFIT
1192794766,6B4FD00C71514F139DFF5C83D284A411,Rare,6B4FD00C71514F139DFF5C83D284A411,CERISE GARMENT
401914366,6580BF7253144934B883B7244C05E700,Epic,6580BF7253144934B883B7244C05E700,UNHOLY GARMENT
218951300,3E83B351E2C541A7A3873472B097DD7A,Rare,3E83B351E2C541A7A3873472B097DD7A,MARINE BLUE GARMENT
2117260986,39D256271E16456E8EC352C3CB87D778,Common,39D256271E16456E8EC352C3CB87D778,DEFAULT OUTFIT
1963815198,39D256271E16456E8EC352C3CB87D778,Common,39D256271E16456E8EC352C3CB87D778,DEFAULT OUTFIT
1859697161,71A0F2CB9510422786ADC9F75A2D5361,Rare,71A0F2CB9510422786ADC9F75A2D5361,HELLISH GARMENT
1949744979,A4062861DF734B2D8D23076F5618F28B,Legendary,A4062861DF734B2D8D23076F5618F28B,LORD OF THE COSMOS
2114774088,C65B06CFA76E4E2CA3CBFCE71A00B3E2,Legendary,C65B06CFA76E4E2CA3CBFCE71A00B3E2,EYE OF THE ABYSS
762358768,E40D5BC13A9D4266A5729A177B7C1219,Epic,E40D5BC13A9D4266A5729A177B7C1219,PEACH BLOSSOM
2030359834,012EF37B2AA448FAAF37AE3265459CE8,Epic,012EF37B2AA448FAAF37AE3265459CE8,MARIGOLD
758293869,5B15C6CBF0214F3EB69DC45858BACBBB,Rare,5B15C6CBF0214F3EB69DC45858BACBBB,LAVENDER
2017607126,9B2B5C7109A14BDB811F5461C2149E55,Rare,9B2B5C7109A14BDB811F5461C2149E55,PURPLE BLONDE
1091873633,44B7F3CEC1C7418698FF2C3CD49E03D1,Rare,44B7F3CEC1C7418698FF2C3CD49E03D1,ROYAL ATTIRE
143989073,CC2E0630A92243E6979A4D40C31767EB,Epic,CC2E0630A92243E6979A4D40C31767EB,LOVELY RAGS
2013363222,B1F270FC93FF4B8CA1A93EBF6A897D36,Rare,B1F270FC93FF4B8CA1A93EBF6A897D36,ROSE RED
669691562,CD29E0BB66FE41A19640667CB6DF1218,Rare,CD29E0BB66FE41A19640667CB6DF1218,JADE ATTIRE
526701155,384A0F480E1E41509EBF8638D04B89E9,Rare,384A0F480E1E41509EBF8638D04B89E9,FIRE RED
1142336385,9F4F2D1314F749ECA6E6CB0DA51DBDD3,Epic,9F4F2D1314F749ECA6E6CB0DA51DBDD3,SCRAPPER'S RAGS
1934710414,809DF513F68B465C9192EA7366CA75D4,Rare,809DF513F68B465C9192EA7366CA75D4,DARK BLUE
908242099,E0162050724B4D77BA14782784DBA712,Rare,E0162050724B4D77BA14782784DBA712,METALLIC TEAL
380743989,061FE9A71AFF4467B4087A10190D172F,Rare,061FE9A71AFF4467B4087A10190D172F,RUSTY BLACK
2145366555,E08A31AC1286436E9D4FAEC399E4C8E3,Rare,E08A31AC1286436E9D4FAEC399E4C8E3,SNOWDROP
1192138453,2919B437053248B5B554385537DFF2A7,Legendary,2919B437053248B5B554385537DFF2A7,CHIEF ENGINEER
623447210,4C57FB6F3D8543BEA115D6F15D80A066,Rare,4C57FB6F3D8543BEA115D6F15D80A066,BURNING CHILL
1920059883,458DA08EBEBC419887C03BDD15A424DD,Epic,458DA08EBEBC419887C03BDD15A424DD,PALE CONJURER
1432367486,66CFE42B612646BC9630BD9A07C2364D,Epic,66CFE42B612646BC9630BD9A07C2364D,FROST SPECTER
1910020468,049CF980F8344098B42A3EDF32EA598A,Rare,049CF980F8344098B42A3EDF32EA598A,ICY MAGENTA
1696513179,1E29AB4319654936AB4ADD77B3C61E41,Epic,1E29AB4319654936AB4ADD77B3C61E41,BLOOD FRENZY
661423570,393A2AC47EF94A2D968C1A0AC2E1046B,Rare,393A2AC47EF94A2D968C1A0AC2E1046B,COLD TEAL
1961854159,C3732EAC021C4BE38AC5FB849472668A,Epic,C3732EAC021C4BE38AC5FB849472668A,WAR BOY
1798816531,2A1FD797C7724166BAA280F74D509E38,Legendary,2A1FD797C7724166BAA280F74D509E38,REGALIA OF THE ICE SOVEREIGN
819085993,39D256271E16456E8EC352C3CB87D778,Common,39D256271E16456E8EC352C3CB87D778,DEFAULT OUTFIT
16770104,E066A3D138F54F53886FA345176F6D27,Epic,E066A3D138F54F53886FA345176F6D27,DEMON PRINCE
1715886536,E0E8C9AFE8774B46A0550D616088A1B6,Rare,E0E8C9AFE8774B46A0550D616088A1B6,DARK ATTIRE
847148324,F8DFDE8835E546B89E649FAD98377645,Rare,F8DFDE8835E546B89E649FAD98377645,HYACINTH
1693872322,9E5FA31F9452495A8ABFBCF3B64794C9,Rare,9E5FA31F9452495A8ABFBCF3B64794C9,AZURE ATTIRE
1775383570,D6774B5561774D9B946C8149BEBDEEBF,Epic,D6774B5561774D9B946C8149BEBDEEBF,DARK SORCERER
893936939,58E027B20F244099B53E1BA4C5725594,Legendary,58E027B20F244099B53E1BA4C5725594,COSMIC AVATAR
1636679027,0AFB2F17A7AC431082316A803D5CF5E4,Rare,0AFB2F17A7AC431082316A803D5CF5E4,FROSTY BLONDE
2147113650,DBCBB0AD41C641908F55BC4D0DA30FC2,Rare,DBCBB0AD41C641908F55BC4D0DA30FC2,DARK GARMENT
134833670,EE5A822FB79144A1A88E053E055C3900,Epic,EE5A822FB79144A1A88E053E055C3900,ROYAL SCHOLAR
1730971283,9F07B2F9D423493AB6B3390C8A7642E5,Rare,9F07B2F9D423493AB6B3390C8A7642E5,BRIGHT CONJURER
256591936,E66F7721C38A4D5BBC2B30DA4ABEB5FF,Rare,E66F7721C38A4D5BBC2B30DA4ABEB5FF,VIOLET
2090406860,6E4AFED2D28A460699B03E0320FF21F9,Epic,6E4AFED2D28A460699B03E0320FF21F9,DEATH DEALER
1478773304,FD6B226E587B4FB9937085C3B9AA96A3,Rare,FD6B226E587B4FB9937085C3B9AA96A3,GREEN CONJURER
1872982439,B7D4F364E0E34B3C83FF20E415DFFB64,Legendary,B7D4F364E0E34B3C83FF20E415DFFB64,PEARLESCENT SAGE
695537120,656D2964BCAE46C98FD6B9BD70B903CA,Legendary,656D2964BCAE46C98FD6B9BD70B903CA,SKULL BUSTER
485535521,E763C9453D004546A134FAF7F1A86447,Rare,E763C9453D004546A134FAF7F1A86447,LIME GREEN
1026127559,05E60EF4388F48E480894288870C3F66,Epic,05E60EF4388F48E480894288870C3F66,BLACK DEVIL
705391268,DA0A3764CDAD4E61A87CAC71A3D7B4DD,Legendary,DA0A3764CDAD4E61A87CAC71A3D7B4DD,WARDEN OF THE LIGHT
1528833798,646F28598ACB4673837C93BAC4F6961B,Rare,646F28598ACB4673837C93BAC4F6961B,PINE GREEN
1140056639,6782E948B0804955B3820606841044D7,Rare,6782E948B0804955B3820606841044D7,SKY BLUE
1902932926,BCA58B2C4F204F00A926DFE1C7A0A207,Rare,BCA58B2C4F204F00A926DFE1C7A0A207,PARTISAN
691441745,70CCDA8DD0B4499CA5F258C11A91F4AC,Rare,70CCDA8DD0B4499CA5F258C11A91F4AC,SALAMANDER
1589289629,A8CA0C669CA3479DAE282AD36B2D29D6,Rare,A8CA0C669CA3479DAE282AD36B2D29D6,OCEAN TEAL
1624513652,847CA5D96CDC4CCBB389311CCF95967F,Epic,847CA5D96CDC4CCBB389311CCF95967F,WHITE QUEEN
1671815989,D61019B5FB914FCF9D5800D5307A1B09,Epic,D61019B5FB914FCF9D5800D5307A1B09,BLACK QUEEN
1598447006,877EF5EDA6D54EB083B71702CD3DE72E,Rare,877EF5EDA6D54EB083B71702CD3DE72E,FOREST STRIDER
47013841,F11EE2571C8142899B7807579D6D76B1,Rare,F11EE2571C8142899B7807579D6D76B1,CRIMSON RED
816257490,626B7A92C8D7423DAB067E1939703F52,Rare,626B7A92C8D7423DAB067E1939703F52,FOREST GREEN
1386196676,0BC9E52124C345CFA380D350BA4BC575,Rare,0BC9E52124C345CFA380D350BA4BC575,SHADE STALKER
2012005834,4393B0ECA9BC431484E7B9DF0614C9DE,Rare,4393B0ECA9BC431484E7B9DF0614C9DE,MIDNIGHT BLUE
1574091416,6E050902CB8143799BFDAF50F1C49B40,Rare,6E050902CB8143799BFDAF50F1C49B40,AZURE CONJURER
919814394,F96CC91A0A674D608D0EBC0FDE5DD2EB,Rare,F96CC91A0A674D608D0EBC0FDE5DD2EB,PEACH
1046619752,07FFFC98072B4D3F8670AED84E175C32,Rare,07FFFC98072B4D3F8670AED84E175C32,PROTECTOR
1692290715,6FD9F7DF715C41F9B2F5C7268160D8BD,Epic,6FD9F7DF715C41F9B2F5C7268160D8BD,ROYAL MENDER
1484199911,17339A022AE44A818237ED3CA0AD210F,Legendary,17339A022AE44A818237ED3CA0AD210F,MANTLE OF CONQUEST
107051511,D7FEC287BDA54276AD9E9B0C33E3D36B,Rare,D7FEC287BDA54276AD9E9B0C33E3D36B,BLACK WOLF
1438609061,C7C6AC7620A1463AA26691F99B9E4472,Rare,C7C6AC7620A1463AA26691F99B9E4472,SAND WOLF
2136258966,80D21670F34E4754B098E90E07BE5D14,Rare,80D21670F34E4754B098E90E07BE5D14,DEEP SILVER
670345250,DBBDA84AFF09403E8F58737FAFD57956,Rare,DBBDA84AFF09403E8F58737FAFD57956,BLACK TATTOOS
213861246,777409F6B2C64F2BA378F0E24928A5EF,Rare,777409F6B2C64F2BA378F0E24928A5EF,OLIVE
172127232,85D068C9BF6A4A10B5AD72139B268FD6,Rare,85D068C9BF6A4A10B5AD72139B268FD6,PINKY STYLE
987247095,A2D7213FFBD448E8886A2495E2AC3AE7,Rare,A2D7213FFBD448E8886A2495E2AC3AE7,BLUE
1116263285,76F2E7F98255441AAB72E4DE8EEA74D4,Legendary,76F2E7F98255441AAB72E4DE8EEA74D4,MECHANIZED RAIDER
663841468,35943F976BD4472C94670FD5770708B8,Rare,35943F976BD4472C94670FD5770708B8,GREEN SKIN
1189469717,F36EBFD28F5E44058C1EE5165A48A59C,Rare,F36EBFD28F5E44058C1EE5165A48A59C,CRIMSON CONJURER
1890030881,7DBAB3A33AA045A7A71A8F5BA1FF235D,Rare,7DBAB3A33AA045A7A71A8F5BA1FF235D,OLIVE
1013962829,C7740DE9E68E4A70A19F37473976271D,Epic,C7740DE9E68E4A70A19F37473976271D,DARK MANTLE
1691437338,D8F7EBB4D9B846189156D2B82465B86E,Epic,D8F7EBB4D9B846189156D2B82465B86E,NOBLE TIGER
900159137,105E3823129C4FE597779F761CC60181,Epic,105E3823129C4FE597779F761CC60181,CARNELIAN PUNK
1283016026,E8944003B2C3431286FB444338456988,Epic,E8944003B2C3431286FB444338456988,DARK WANDERER
675381257,BEA9BF0F36FF4822A94BABA6C0CFAF04,Rare,BEA9BF0F36FF4822A94BABA6C0CFAF04,SILVER CERULEAN
2143615377,AAD973AC5DDE4E87A4FCF7F58196C3E1,Rare,AAD973AC5DDE4E87A4FCF7F58196C3E1,DARK SAPPHIRE
1435530013,11F0DB5378F440DAADA8D576CDC3A30A,Rare,11F0DB5378F440DAADA8D576CDC3A30A,IRIS
1854094615,3E6F433330024D78BE220A3F17B29F07,Legendary,3E6F433330024D78BE220A3F17B29F07,SHADOW MATRIARCH
1065541730,720C16C1436B4417854B18331AD6319F,Legendary,720C16C1436B4417854B18331AD6319F,SHADOW BLADE
1860171123,CA9C18A60A5642A1834C3656324AA255,Rare,CA9C18A60A5642A1834C3656324AA255,DARK LILAC
675039590,56F6D1E9A06642D4AA4452D4E0C6F7E6,Epic,56F6D1E9A06642D4AA4452D4E0C6F7E6,IMPERIAL GARMENT
659344589,882DC4904B4C4C83A5985D030DB040A8,Rare,882DC4904B4C4C83A5985D030DB040A8,ROYAL RED
2081557130,1DCE3A45CA314A29BA045B502CC16B0D,Rare,1DCE3A45CA314A29BA045B502CC16B0D,CRIMSON
2038189386,87FD2F21B3184F7380D44942195C4BA9,Epic,87FD2F21B3184F7380D44942195C4BA9,SILENT TERROR
1258790245,0ECC3C10DC364150A354231F5BF4032E,Rare,0ECC3C10DC364150A354231F5BF4032E,GRAY RAGS
575589592,26A6E955704B4BADB81086B094F1007A,Epic,26A6E955704B4BADB81086B094F1007A,FOREST WARRIOR
2114142106,C1E16C9F75B04D77B611AB480A638FFD,Rare,C1E16C9F75B04D77B611AB480A638FFD,SUMMER RAGS
1886958022,A3D2D16B5E8645F3A0FC900023FE5B3F,Epic,A3D2D16B5E8645F3A0FC900023FE5B3F,GUARDIAN OF HARMONY
1805653074,2E36E2D7D68841518118C7FDBB8186AF,Epic,2E36E2D7D68841518118C7FDBB8186AF,GOLDEN WARRIOR
965847371,49674A1BA5A64CCF8D03A230E11B78D6,Rare,49674A1BA5A64CCF8D03A230E11B78D6,STEEL BLUE GUARD
1484281888,61D81A19A18A458FB5816BCE4483C955,Rare,61D81A19A18A458FB5816BCE4483C955,FLAME GUARD
753521148,E4730EE136DB46429274E666C4B36394,Rare,E4730EE136DB46429274E666C4B36394,EARTH GUARD
1404971831,88AA9113FE7D4C8FA4F150371677AAAD,Epic,88AA9113FE7D4C8FA4F150371677AAAD,YELLOW CHICKEN SUIT
638909069,7F0AE89A2CC44FF7A940B07AC6B662DB,Legendary,7F0AE89A2CC44FF7A940B07AC6B662DB,DEMONIC LAWBRINGER
2024997387,542FF51E4AAA499B91A7ECAEF13E2CB5,Epic,542FF51E4AAA499B91A7ECAEF13E2CB5,WHITE CHICKEN SUIT
352812563,A248A20803274A02B45798954E7CC284,Rare,A248A20803274A02B45798954E7CC284,FOREST RAGS
807625209,305CDA262FB94D21B66A8D992199466F,Legendary,305CDA262FB94D21B66A8D992199466F,BLOOD BANNER
1556877271,615A5283269240CFB0D896870B30AA78,Epic,615A5283269240CFB0D896870B30AA78,CRIMSON CHICKEN SUIT
1433299089,509CF67386774C38B1C62FDAB0717289,Epic,509CF67386774C38B1C62FDAB0717289,WHITE BUNNY SUIT
1571267831,523696BA86C64A1F8A694525EA7831BC,Legendary,523696BA86C64A1F8A694525EA7831BC,BRINGER OF SPRING
1879658387,00F7328EBBE14515BA4B6A48AE49AC86,Epic,00F7328EBBE14515BA4B6A48AE49AC86,PINK BUNNY SUIT
2017890487,CE16EB39067B4166B47A3203A94BDB28,Epic,CE16EB39067B4166B47A3203A94BDB28,NOBLE GUIDE
770477599,459D442556ED4A2A84694EA155CEBE5E,Legendary,459D442556ED4A2A84694EA155CEBE5E,BENEVOLENT SPIRIT
2077275142,2A0556E8A5D043B7AF9D479A77559C8E,Rare,2A0556E8A5D043B7AF9D479A77559C8E,SWAMP DWELLER
1653581163,C282BF9F3BB0446F86A28EBE7FA47275,Rare,C282BF9F3BB0446F86A28EBE7FA47275,OLIVE
936673377,0A9EEEACF5C74A3484905031666A0E35,Rare,0A9EEEACF5C74A3484905031666A0E35,MAJESTIC MAGENTA
1438771312,27F9D5C5CD3540D9BE5AC1E1A4F19539,Rare,27F9D5C5CD3540D9BE5AC1E1A4F19539,PALE OBSIDIAN
584641408,8664465EE8A84398AD25213B0261CF01,Rare,8664465EE8A84398AD25213B0261CF01,VIOLET SEA URCHIN
1670102696,42ED1E6343B04E1F926ADE25E5CC2B89,Legendary,42ED1E6343B04E1F926ADE25E5CC2B89,DRAGON HUNTER
1102380098,D2538C9A06384F709C213D35D37A3160,Legendary,D2538C9A06384F709C213D35D37A3160,HERALD OF GLORY
587334857,562950016F474824B5C2BF56452F8912,Legendary,562950016F474824B5C2BF56452F8912,UNDEFEATED MASTER
289429353,92BFF93B79334905A70C29E28D80365D,Epic,92BFF93B79334905A70C29E28D80365D,BLUE BUNNY SUIT
1394394782,78BBED7935824A51BD013EC92861CF3E,Rare,78BBED7935824A51BD013EC92861CF3E,SWEET PINK
199241035,92555265F6584D12B4DAAE580BD492F8,Legendary,92555265F6584D12B4DAAE580BD492F8,PIT LORD
1168462882,417FB7ED927E40DAB6D33877496A52BE,Legendary,417FB7ED927E40DAB6D33877496A52BE,SCARAB KING
372132814,3AE38F89712E4AE7AEF913EF3F754E28,Legendary,3AE38F89712E4AE7AEF913EF3F754E28,CURSED PEARL
1275550325,B701846CC95D401B90AAC60D2F31C9B8,Legendary,B701846CC95D401B90AAC60D2F31C9B8,COUNT
1753319322,18A90407E28A47AFBB1F65E548DBD1C5,Legendary,18A90407E28A47AFBB1F65E548DBD1C5,WICKED WITCH
494084622,D18935A3356D41A39EADF682660BF559,Legendary,D18935A3356D41A39EADF682660BF559,WRAITH LORD
766158293,640AA4FEA26E4570849478EB800297F5,Legendary,640AA4FEA26E4570849478EB800297F5,VAMPIRE HUNTER
1022850908,D160459944654B078EE4EF9F3BCD1A65,Legendary,D160459944654B078EE4EF9F3BCD1A65,FESTIVAL VENDOR
751763446,8C614D5521CB4798A935BDF0D15931D0,Legendary,8C614D5521CB4798A935BDF0D15931D0,GOD OF WEALTH
75511924,9F6E3FDD14B346A5A2B44592C11FEDDB,Legendary,9F6E3FDD14B346A5A2B44592C11FEDDB,AVATAR OF THE CELESTIAL LION
709749889,EC206CC516734FBA9F641479917F71A9,Legendary,EC206CC516734FBA9F641479917F71A9,ROYAL SCULPTOR
339453534,CA188D01C76C4544A51A6031F28315E9,Legendary,CA188D01C76C4544A51A6031F28315E9,LUNAR BEAST
1039229807,4F9C9D98E3344FAEB69998F00248A5B7,Epic,4F9C9D98E3344FAEB69998F00248A5B7,RED BUNNY SUIT
407828710,1E695C8546504BDEB73BD2254E2B53B0,Legendary,1E695C8546504BDEB73BD2254E2B53B0,TERRIFYING LURKER BELOW
487555523,FE86BE8E53274968BE4FB1A36B2195C9,Legendary,FE86BE8E53274968BE4FB1A36B2195C9,CHIROPTERA
1629193751,73FEAC01E38B40168435FA80FD76B939,Legendary,73FEAC01E38B40168435FA80FD76B939,DRAGON TURTLE COMMANDER
1467022590,8704D7D2562E4FF6812ADC0C0527E6A7,Legendary,8704D7D2562E4FF6812ADC0C0527E6A7,MAIL OF GOLDEN VICTORY
312750650,C99DBF9695B54454A885F57B4D2D6E85,Legendary,C99DBF9695B54454A885F57B4D2D6E85,RENOWNED HERO
1087911581,E794F12123264F718BD547372004F4D6,Legendary,E794F12123264F718BD547372004F4D6,UNSTOPPABLE BRAWLER
491317120,4C96D92D60404E64B70F14AB760C1470,Legendary,4C96D92D60404E64B70F14AB760C1470,DROWSY SHAMAN
1992474418,9E2E7600BC1A4B82BB6E95090528E5F8,Legendary,9E2E7600BC1A4B82BB6E95090528E5F8,JUNGLE KID
143624957,006DE779F02F4988BC7E7B1A8F22955C,Legendary,006DE779F02F4988BC7E7B1A8F22955C,TRIBAL HUNTRESS
548281660,DFF187E3510D489DBEB6B32805EEE378,Legendary,DFF187E3510D489DBEB6B32805EEE378,ELDER HUNTER
956762002,27DA854C7C8348C6BEA23352839BC4D6,Legendary,27DA854C7C8348C6BEA23352839BC4D6,SAURIAN TRIBAL WARRIOR
1357994714,64DE0313D7D54904909CE75D0FB9E404,Legendary,64DE0313D7D54904909CE75D0FB9E404,THE FEATHERED SERPENT GOD
2071220088,C661E47A1873480E9E2E1E37C79553E7,Legendary,C661E47A1873480E9E2E1E37C79553E7,PRIMEVAL FIEND
722765751,D5D501FA2D1C47308A38708F2908D9E3,Legendary,D5D501FA2D1C47308A38708F2908D9E3,IGNITER
1773138718,F162515DE27145F49CFBD17CB4D2620B,Legendary,F162515DE27145F49CFBD17CB4D2620B,GRIZZLED CAVEMAN
685223633,95A29CDF246F498AB9BEA3D72671A5AB,Legendary,95A29CDF246F498AB9BEA3D72671A5AB,ANCIENT DARK DEITY
1477829444,377D79F839DF4AFA883056C5295F80DB,Epic,377D79F839DF4AFA883056C5295F80DB,TRUTH SEER
1423142991,8A12E3322C16416B83D11C18C8888188,Legendary,8A12E3322C16416B83D11C18C8888188,INFERNAL SHAMAN
1856491295,6E072702B317460A93D1309E8ACB4EAB,Legendary,6E072702B317460A93D1309E8ACB4EAB,AZURE DJINN
126713521,08D9EB2EF9594C149DA5D82FF735BA02,Epic,08D9EB2EF9594C149DA5D82FF735BA02,NIGHT JAGUAR
37086154,D2385C0CB05F40F9ABF8E833AB3B58E4,Epic,D2385C0CB05F40F9ABF8E833AB3B58E4,SERPENT SAGE
460151542,42B5929E41594871B7AD0AF201B61B05,Epic,42B5929E41594871B7AD0AF201B61B05,TROLOBE SPEAR DANCER
986813096,BAFE7A7F8BE24BDA9C52871AEF8CAD5A,Rare,BAFE7A7F8BE24BDA9C52871AEF8CAD5A,CARDINAL RAGS
1533846641,1C92418622834691BCF4F4BB8C579FDC,Legendary,1C92418622834691BCF4F4BB8C579FDC,SUN SINGER
660357369,CD7E4EC0F2434A2083D750B36433E038,Rare,CD7E4EC0F2434A2083D750B36433E038,LIME
1076282708,47CA56DD6053402FB731F72B9093DCCF,Legendary,47CA56DD6053402FB731F72B9093DCCF,RAGING BEHEMOTH
842339315,0AACCBACA0F048EAB26109D81DB5592E,Rare,0AACCBACA0F048EAB26109D81DB5592E,OLDEN EMERALD
999007207,14FBFD92434E49C79DBB2E936D681830,Epic,14FBFD92434E49C79DBB2E936D681830,VANQUISHER OF DISCORD
1774080294,7DD984C36A9741EBB3F97A3D8B80494B,Legendary,7DD984C36A9741EBB3F97A3D8B80494B,ICY DUCHESS
1745496029,666EC789DA214E46A349CBB8A84301CD,Epic,666EC789DA214E46A349CBB8A84301CD,EERIE BLACK
211749700,F4B0982597AA4FF1B01DE92B9DE871CA,Rare,F4B0982597AA4FF1B01DE92B9DE871CA,JUDICATOR
764425193,14C31557C9BA42FB943006DAC3EB6F51,Epic,14C31557C9BA42FB943006DAC3EB6F51,IMPERIAL BLACK
1560508637,CB4FC5BA460F4474A9A17BA29B42EFC5,Legendary,CB4FC5BA460F4474A9A17BA29B42EFC5,SHADEHUNTER ARMOR
1351472700,1119A313A7274EE591BC0771D5A3BA6E,Rare,1119A313A7274EE591BC0771D5A3BA6E,VIOLET COAT
30138863,F252CCB502BF40249E2970D2C34E03F1,Epic,F252CCB502BF40249E2970D2C34E03F1,BEWITCHING VESTMENT
172040620,DEFB0688CA6146308F3F17F612FE38E0,Epic,DEFB0688CA6146308F3F17F612FE38E0,TOMB KEEPER
841765511,B0DCB6ED6EF244DFBB233B158AC9C930,Epic,B0DCB6ED6EF244DFBB233B158AC9C930,DARK GUIDE
1362968834,06E6B78BA1CF4491BD568A43E596D0F0,Legendary,06E6B78BA1CF4491BD568A43E596D0F0,GOLDEN WARLORD
584938942,E8D4138BB8564A93BBF3B0FC85955E50,Epic,E8D4138BB8564A93BBF3B0FC85955E50,RUNIC COIF
328731229,E0FAC470151146B8AA1A5CD200482745,Epic,E0FAC470151146B8AA1A5CD200482745,BLACK BUNNY SUIT
1346384325,D517891B6E6545D4B5E3C963777F3D45,Epic,D517891B6E6545D4B5E3C963777F3D45,BLUE CHICKEN SUIT
749682691,E8DC1DBA58C14F60A634E369D808E38B,Legendary,E8DC1DBA58C14F60A634E369D808E38B,GUNSLINGER CHAMPION
874128173,8778B3AF21FB431195332036C347F9D6,Legendary,8778B3AF21FB431195332036C347F9D6,RADIANT AVATAR
1271530078,7A0B5B8F44DC4B31B0D7E33A59407EFC,Legendary,7A0B5B8F44DC4B31B0D7E33A59407EFC,MALICE INCARNATE
331020842,9FD98D262FDE496FBC1881AFACE4D99C,Legendary,9FD98D262FDE496FBC1881AFACE4D99C,EYE OF THE DEPTHS
1418879863,F358BCF82B514183B98B070583BEC9A8,Legendary,F358BCF82B514183B98B070583BEC9A8,EYE OF THE VOID
131579177,0AF9F718B03743E2AC1D8150579705C3,Legendary,0AF9F718B03743E2AC1D8150579705C3,SUPREME CRAFTER
1526056270,5220E22E8CB44A368E39715D4FCF8F7D,Legendary,5220E22E8CB44A368E39715D4FCF8F7D,LORD OF LIGHT
6507749,565CC26DC9DB442F98A343402FB9A200,Legendary,565CC26DC9DB442F98A343402FB9A200,SHADOW PRINCESS
1992979998,6902E8798CD94A4291EFE32F7CDAFBDA,Legendary,6902E8798CD94A4291EFE32F7CDAFBDA,SUNLIGHT PRINCESS
612756107,3AD3EDF6014F4AD38A924A8BE4304E64,Rare,3AD3EDF6014F4AD38A924A8BE4304E64,WHITE WALKER
48823348,676E48DB8F6F4E259FBA35B0B99EC1A7,Epic,676E48DB8F6F4E259FBA35B0B99EC1A7,BLACK CHICKEN SUIT
51025927,EC95405555494D12961F884245411F09,Legendary,EC95405555494D12961F884245411F09,CIMMERIAN HERALD
845904999,F96E6713682F45ACACC88F9353D6EEC6,Rare,F96E6713682F45ACACC88F9353D6EEC6,FIERY YELLOW GUARD
1000638222,357A8FE4FDAD465BBECAA59A2AEC1167,Rare,357A8FE4FDAD465BBECAA59A2AEC1167,TEAL
153637569,612D03092AA04802A5DFD9233F333259,Rare,612D03092AA04802A5DFD9233F333259,RABID WOLF
482450619,511737D97C714E50B54C097EE3FFDF44,Rare,511737D97C714E50B54C097EE3FFDF44,RED TATTOOS
1487459616,E0A11A23318746389303215249EC2294,Epic,E0A11A23318746389303215249EC2294,ROYAL FLAME
2119325500,AE19EC38932B46E591AE190CEFD1EE58,Legendary,AE19EC38932B46E591AE190CEFD1EE58,ICE FROG
2041834320,BE1754E023B348319A0060D091482212,Legendary,BE1754E023B348319A0060D091482212,ELDRITCH SHROUD
2006864151,2936DDAA6EA44939A354114386F1A9BC,Legendary,2936DDAA6EA44939A354114386F1A9BC,SAGE OF VICTORY
453562139,084143F3BAA24079A88BA4C904D8C458,Legendary,084143F3BAA24079A88BA4C904D8C458,RADIANT HERALD
1372279358,6EA2D05E61444471AD306271A58EA260,Rare,6EA2D05E61444471AD306271A58EA260,OLIVE DRAB
1767492790,7AA24A1C67C44D15A423275A4F694EE8,Legendary,7AA24A1C67C44D15A423275A4F694EE8,ARCHMAGE SHROUD
258065722,AA3F7E7A474D46888531298A9752F1DA,Legendary,AA3F7E7A474D46888531298A9752F1DA,COMMANDER OF THE EASTERN SKIES
1156738119,5B0E27F90E84414A853C9D034CC2715E,Legendary,5B0E27F90E84414A853C9D034CC2715E,GOLD BUSTER
128404859,C0A793E00A584290A32AF845DDFC8EC0,Legendary,C0A793E00A584290A32AF845DDFC8EC0,ROOKENSTEIN
610332939,11EB073E8701429D9137392864F31B58,Epic,11EB073E8701429D9137392864F31B58,ENCHANTED VESTMENT
939210778,FD11974A57DA40A2B3886473592060B5,Rare,FD11974A57DA40A2B3886473592060B5,NORTHERN BLUE
402688460,788F347CF6F24799A1E4111C1268DBD0,Rare,788F347CF6F24799A1E4111C1268DBD0,CORAL RED
1668159995,B3FF522C34DF4B6596C84E312D2F9089,Epic,B3FF522C34DF4B6596C84E312D2F9089,INFINITE MENDER
2127015446,FEC6E4E893004CFF8331134F49A50DAF,Legendary,FEC6E4E893004CFF8331134F49A50DAF,NIGHTMARE INCARNATE
1741559788,5A600575A495419A8046968E328B7430,Legendary,5A600575A495419A8046968E328B7430,REGALIA OF THE MASTER ARTISAN
250110874,1391FE05EB6B406F886DDE19398741FF,Rare,1391FE05EB6B406F886DDE19398741FF,BROWN WOLF
1260860055,3E84C75980D744089078034D346B6299,Legendary,3E84C75980D744089078034D346B6299,PARAGON OF RETRIBUTION
649591942,2C731CCE8A674BE184A18906A2CB7FC2,Epic,2C731CCE8A674BE184A18906A2CB7FC2,HELL HOUND
326227152,0F542EAF41594B8DA7F2C3E28B8ED21A,Legendary,0F542EAF41594B8DA7F2C3E28B8ED21A,ILLUSTRIOUS TRAVELER
832350090,3963FD717D56429885384A9C69D2A608,Rare,3963FD717D56429885384A9C69D2A608,PALE RAGS
1068959803,C3C9F3092B03462EB9FB049815E85EB6,Legendary,C3C9F3092B03462EB9FB049815E85EB6,MECHANIZED ENFORCER
282981163,B1A8127DDAF740DE810E6A6860EAB495,Legendary,B1A8127DDAF740DE810E6A6860EAB495,WINTER'S GREED
825115677,E9ABFF5E8D7940229746FFA45D9140E6,Legendary,E9ABFF5E8D7940229746FFA45D9140E6,QUNA'S ROYAL CHAMPION
407949747,28E642467010413CA141B06E060AD402,Legendary,28E642467010413CA141B06E060AD402,LIGHTBRINGER
828175147,497A6481558644818C95DF7032360D96,Rare,497A6481558644818C95DF7032360D96,BROWN RAGS
104652792,C57C327902BB45ACBF38DDEE036E1E27,Rare,C57C327902BB45ACBF38DDEE036E1E27,FOREST GREEN
887331768,5C5C750897DF414D9CCBD93256E28B70,Epic,5C5C750897DF414D9CCBD93256E28B70,SCORCHED
580335717,583883B86BD045ECA1A1C45389F2942C,Legendary,583883B86BD045ECA1A1C45389F2942C,CLASSIC GUNSLINGER
864313451,118B3B9B77D946149ABD09233A87B7D1,Legendary,118B3B9B77D946149ABD09233A87B7D1,DARK GUNSLINGER
224958297,61856D04BE8B4426BC5976302F93D0F8,Legendary,61856D04BE8B4426BC5976302F93D0F8,CHROMA GUARDIAN
1280802214,713DF783946D4C93A9AE07AE557AE874,Rare,713DF783946D4C93A9AE07AE557AE874,BLUE SKIN
315349145,C36EAA5F47EF4E12A0A712F798148234,Legendary,C36EAA5F47EF4E12A0A712F798148234,LOTUS
1408449643,97B93CE8598B41DE875BEB602EF0B727,Legendary,97B93CE8598B41DE875BEB602EF0B727,COURT GOWN
403913508,9A85BDD0ED174BC399555BF06FC30F53,Legendary,9A85BDD0ED174BC399555BF06FC30F53,COMMANDER OF THE NORTHERN SKIES
724337016,2F6E2F65CAAF4D1D98C415587982886B,Legendary,2F6E2F65CAAF4D1D98C415587982886B,MOONLIGHT PRINCESS
582851099,89FF051BA9EA4E7FBCEEB47C276828A0,Epic,89FF051BA9EA4E7FBCEEB47C276828A0,NOBLE MASTER
1515760565,1F1DA32EE9EA4CED8157B63B5D0C9930,Rare,1F1DA32EE9EA4CED8157B63B5D0C9930,CRIMSON
1111762032,41FAC0CE62574E2E85F56BB2CB98A152,Rare,41FAC0CE62574E2E85F56BB2CB98A152,SAND
1124477852,8147D7FD0DF74715A1E1D5241099CD93,Legendary,8147D7FD0DF74715A1E1D5241099CD93,CARDINAL OF THE DARK ONE
1833208682,A3C417A51264422C856E41F7B92D97B8,Legendary,A3C417A51264422C856E41F7B92D97B8,DAHARIN ROYALTY
930966565,59940B4A760449C699FB202B564D0859,Legendary,59940B4A760449C699FB202B564D0859,ROYALTY OF SILVERDEEP
1200047791,8EE8E0BAA9C94BBAB976AD1EA59EF417,Rare,8EE8E0BAA9C94BBAB976AD1EA59EF417,MIDNIGHT COAT
1737683681,09A544E98CF54B20856C148413511B78,Legendary,09A544E98CF54B20856C148413511B78,ORDER OF THE VENOM SERPENT
749141404,C078550CF8B646B9BDFF4933178BB5CB,Epic,C078550CF8B646B9BDFF4933178BB5CB,MOON GUARDIAN
912507249,3686BE80B8124222A653CABA66B1596D,Legendary,3686BE80B8124222A653CABA66B1596D,MISCHIEVOUS MAGE
1067189226,E7850B60DC3E44BAB2365C83322E2F95,Epic,E7850B60DC3E44BAB2365C83322E2F95,OTHAGUR EXPERIMENT
1742177669,07E26AE664504D2586CC592FA2238D2A,Epic,07E26AE664504D2586CC592FA2238D2A,DESERT TRAVELER
698194935,F049CB180EF34A9CA1C60561C7C0B9C1,Epic,F049CB180EF34A9CA1C60561C7C0B9C1,GARB OF THE TEMPLAR
836286979,E9186FCFDD1F4E0F84FBD16FBB9F6D38,Epic,E9186FCFDD1F4E0F84FBD16FBB9F6D38,DEEP SEA EXPLORER
1850295473,E69FF0CC13664398AABB26F0A04D39A2,Legendary,E69FF0CC13664398AABB26F0A04D39A2,ENZAN PRAETORIAN
2012905450,62153C3CA6DF41C99A441D45DC6AB97A,Legendary,62153C3CA6DF41C99A441D45DC6AB97A,STORMBRINGER
1799504730,38653FD2D2FB45F3BD783006E34256D6,Rare,38653FD2D2FB45F3BD783006E34256D6,DARK
263916576,EB0AC379AF9441E9912BF31E2AAE1C6B,Rare,EB0AC379AF9441E9912BF31E2AAE1C6B,LIME
1775721626,E4E03D42128042FC9BFE8570151071A6,Epic,E4E03D42128042FC9BFE8570151071A6,ANCIENT NOBLE
1190376067,9D1345BDDDE34E75831C6CC97509B37F,Rare,9D1345BDDDE34E75831C6CC97509B37F,SAFFRON
1376283529,28956C76A5014897A4CCDDA9B939F3E7,Rare,28956C76A5014897A4CCDDA9B939F3E7,NAVY BLUE
1723828889,C4F5B3E8459D430582437589BDCE7DD4,Rare,C4F5B3E8459D430582437589BDCE7DD4,SILVER SUNSET
84940058,7F0A3A9799EE46F3AE8ED1510604FCB4,Rare,7F0A3A9799EE46F3AE8ED1510604FCB4,CHARTREUSE
390954791,03A07EFC77644C9F9FD25B2696015FAD,Legendary,03A07EFC77644C9F9FD25B2696015FAD,ARCTIC CLOAK
246263357,A2274822B5A245E8A76938C5D23218CD,Epic,A2274822B5A245E8A76938C5D23218CD,ROYAL ORCHID
833707813,FBBB8851F78F4322B514C90B90BED0A5,Rare,FBBB8851F78F4322B514C90B90BED0A5,GOLDEN SAPPHIRE
1296840180,DCDDE67C39BD427BAFB127BC37995B00,Legendary,DCDDE67C39BD427BAFB127BC37995B00,ROYAL WIZARD'S SHROUD
1940976926,1CB44DEA2FCB4F5484251D30BF47345E,Legendary,1CB44DEA2FCB4F5484251D30BF47345E,HEX DOLL
258487385,0B8F430BE6B94D55A13763EB3D8900E5,Epic,0B8F430BE6B94D55A13763EB3D8900E5,HEAVY TROOPER
929096171,427BFA918D35445A96792CA8FB8DD5EA,Rare,427BFA918D35445A96792CA8FB8DD5EA,YELLOW AMBER
26695230,0EFD0D6260AD401E98FF98DD936777DF,Legendary,0EFD0D6260AD401E98FF98DD936777DF,RADIANT BLADE
290244354,FC81839B36CD4A8CB58A34F0EC9D210E,Legendary,FC81839B36CD4A8CB58A34F0EC9D210E,BURNING AVATAR
1471164257,D9C154C3F90941ACBB688ADF279FE37E,Legendary,D9C154C3F90941ACBB688ADF279FE37E,FROST BEAST HUNTER
23447387,E2A422BDA1A04EFBB8604744396EFA77,Legendary,E2A422BDA1A04EFBB8604744396EFA77,MYSTICAL PRESENCE
1153628344,BBA635550A4B4BE5BAB0FDC0E11E3A8B,Legendary,BBA635550A4B4BE5BAB0FDC0E11E3A8B,RADIANT LAWBRINGER
1744514624,9E5BD5786454482B9269AE185D59CF49,Legendary,9E5BD5786454482B9269AE185D59CF49,MISTWALKER
1966375548,145595326A2945E7A747280137807EFE,Epic,145595326A2945E7A747280137807EFE,WARLOCK'S COIF
1636520745,79239B2969D54AD08E3AFB62746D96CD,Rare,79239B2969D54AD08E3AFB62746D96CD,TEAL
1834767080,E4687C349FB24125B5692A6F6E262E64,Legendary,E4687C349FB24125B5692A6F6E262E64,LONESTAR
457792878,22AABD3C40D248BB903DACBB5E1A82D6,Epic,22AABD3C40D248BB903DACBB5E1A82D6,LOOMING TERROR
1516456191,52EAE07805DD4E4CB7DC7BAA471F2157,Legendary,52EAE07805DD4E4CB7DC7BAA471F2157,HORRIFYING LURKER BELOW
184789451,CD953F347C4E45FAB8B8827CDD4993C1,Epic,CD953F347C4E45FAB8B8827CDD4993C1,RED DEVIL
752925839,559059DC734548E7A01241E754B7E93F,Rare,559059DC734548E7A01241E754B7E93F,DEFENDER
678780470,09A72D750CD74C308593ECC2AD296453,Epic,09A72D750CD74C308593ECC2AD296453,IVORY WHITE
1226773398,3F43F054A6DD40218EA645FFCDAE41CB,Legendary,3F43F054A6DD40218EA645FFCDAE41CB,PEACEKEEPER
2060697858,C9FF051B9E0541DB82F0ABFDF8B7DA39,Legendary,C9FF051B9E0541DB82F0ABFDF8B7DA39,ELDER HERALD
660055553,555170D4410A4786B99DF61DB27C9D56,Legendary,555170D4410A4786B99DF61DB27C9D56,TERROR OF THE VOID
1650183592,1226F2B53059430B913C30BC29D951B9,Legendary,1226F2B53059430B913C30BC29D951B9,FURNACE OF FLAME
1777974932,1D55D92B8F2C48498ECECD43761D9008,Legendary,1D55D92B8F2C48498ECECD43761D9008,CORRUPTED TREANT
1027681698,6B47D79D153848FCA485BFAF49A7C293,Legendary,6B47D79D153848FCA485BFAF49A7C293,PLAGUE FLAMES
293470812,1BD68CA030DA4D5889B4EF9FCD04E997,Legendary,1BD68CA030DA4D5889B4EF9FCD04E997,COMMANDER OF THE WESTERN SKIES
1833555616,EB216E62A05F4052AB4CAC7032683E20,Legendary,EB216E62A05F4052AB4CAC7032683E20,LIGHT GUNSLINGER
143985280,63EFD1812D5F46B48FB1BAA956EE0606,Rare,63EFD1812D5F46B48FB1BAA956EE0606,RED STEEL
1914380704,C7D726C56A55407FBDED4215D89E1170,Legendary,C7D726C56A55407FBDED4215D89E1170,FROST FATHER
1003289664,953411FDD98B431C84DB03CEEF0AC0A4,Legendary,953411FDD98B431C84DB03CEEF0AC0A4,PHOENIX ASSASSIN
2131713268,01248113CCF94AD584041F81C125048A,Legendary,01248113CCF94AD584041F81C125048A,AZURE FLAMES
57656642,2AEC2924C46B4E228A77824AC97147A5,Epic,2AEC2924C46B4E228A77824AC97147A5,ROYAL TROOPER
1109160915,E66510BB0CB44B3BB3910B2A81821045,Rare,E66510BB0CB44B3BB3910B2A81821045,EMERALD
534076524,4921A776C66D4DEF8572B3818214EF98,Legendary,4921A776C66D4DEF8572B3818214EF98,ARCH-WARLOCK
1581297354,EF4F576D5ACD40A9B4970F87D5E7C51B,Legendary,EF4F576D5ACD40A9B4970F87D5E7C51B,WARRIOR QUEEN
989849715,CFA34387D0B2443FB555B4C0B2A829E1,Legendary,CFA34387D0B2443FB555B4C0B2A829E1,FAMOUS EXPLORER
796676805,BB3B93E84E5A4115A4BCE7BA3EF3D399,Legendary,BB3B93E84E5A4115A4BCE7BA3EF3D399,ANCIENT CONSTRUCT
2144800130,544A6F2FC3E542FC93F5BAF19B86751B,Epic,544A6F2FC3E542FC93F5BAF19B86751B,ROYAL GUARD
1327821916,911A679BABDA45329AB4BBEE1BA925A5,Legendary,911A679BABDA45329AB4BBEE1BA925A5,CRIMSON SAGE
1125483482,0D42B6D2E7AA44BFB2C049D3EE8D145F,Rare,0D42B6D2E7AA44BFB2C049D3EE8D145F,TEAL
1143456905,CB89822DE64547F4BE1B013C1D9F57EB,Legendary,CB89822DE64547F4BE1B013C1D9F57EB,THE GRINCH
1925849493,1F50C4615E0D48E9856FAE37DB433337,Legendary,1F50C4615E0D48E9856FAE37DB433337,WANDERING FIGHTER
1951409140,D91C219B0BD74C94A76EAD91268F430F,Legendary,D91C219B0BD74C94A76EAD91268F430F,CELESTIAL VINDICATOR
1240895134,3EB58C90F34B4DEF874E42ABEE539099,Legendary,3EB58C90F34B4DEF874E42ABEE539099,LORD OF THE INFERNO
1118978217,005B8B2AB13F4FEC97638FDF73084F31,Legendary,005B8B2AB13F4FEC97638FDF73084F31,WINTER KITTY
2063891754,10664AF61382402798FADD46ADB27B64,Legendary,10664AF61382402798FADD46ADB27B64,ANCIENT STONY CONSTRUCT
1647517077,44CAC50EDAF44D3C8626554C0D7E3BEC,Legendary,44CAC50EDAF44D3C8626554C0D7E3BEC,RADIANT PEACEKEEPER
200063596,881C2179DC9E40B98E82E2E958B564E5,Legendary,881C2179DC9E40B98E82E2E958B564E5,NOBLE CHAMPION
522978378,2219E41806DE4F729D24409505CF0D8C,Legendary,2219E41806DE4F729D24409505CF0D8C,WYRM HUNTER
1108704830,EA626F93C5C847329A873CA5EBF94391,Rare,EA626F93C5C847329A873CA5EBF94391,EMERALD
627212020,7EF0D9D0554547B69EA927EF99182C77,Legendary,7EF0D9D0554547B69EA927EF99182C77,SPECTRE
242406713,F7020424752541698AE239B25253F8E2,Legendary,F7020424752541698AE239B25253F8E2,MANTLE OF VICTORY
827650056,D6A0E5B416F34B74A36FB131061EE8F8,Legendary,D6A0E5B416F34B74A36FB131061EE8F8,MANTLE OF THE ASH QUEEN
426441717,213CC845653246E2920D7DC15A209EFC,Epic,213CC845653246E2920D7DC15A209EFC,LIME PUNK
288759042,BCB190A17FFC41F0A84C18CA14118F66,Legendary,BCB190A17FFC41F0A84C18CA14118F66,TERROR OF THE INFERNO
381507998,262F69FEEFE447F7AB1BA8B1B68FD4FB,Legendary,262F69FEEFE447F7AB1BA8B1B68FD4FB,DARK SAGE
138268696,47662A9A0BED4B6B9FC054B3227A28EF,Epic,47662A9A0BED4B6B9FC054B3227A28EF,SUNGLOW WARRIOR
125921637,A417FB5036614ED18DCA1EAED0145254,Legendary,A417FB5036614ED18DCA1EAED0145254,STALKER BLADE
1329778157,99CE0DEA373C4DF6AB8AB5E344A5C466,Legendary,99CE0DEA373C4DF6AB8AB5E344A5C466,DEATH BUSTER
1754157604,6014D93302CC470D813C96B053DFD20D,Legendary,6014D93302CC470D813C96B053DFD20D,BLACK BANNER
291990013,5AFB7BB7810A45DF984C5E06EB433289,Legendary,5AFB7BB7810A45DF984C5E06EB433289,CREEPY LURKER BELOW
1675762834,644137EDD44A41509725C40E26792FEE,Legendary,644137EDD44A41509725C40E26792FEE,HORROR INCARNATE
1723142700,BA572431085B43C3BD2995C39BD1E165,Legendary,BA572431085B43C3BD2995C39BD1E165,REGALIA OF THE FROST WITCH
1509634112,ECD765E8E6F240D8B7952930F7B4B0F2,Legendary,ECD765E8E6F240D8B7952930F7B4B0F2,IVORY BANNER
2138067889,AA94B39A846C4ABFA4D7792BFB1243C2,Legendary,AA94B39A846C4ABFA4D7792BFB1243C2,SPAWN OF THE VOID
1977757775,43AB5CD1A4434CCAA1C74BC2A6A766AB,Legendary,43AB5CD1A4434CCAA1C74BC2A6A766AB,GRAND INVENTOR
2052611617,733741747C0145509A27AED3B1ED2672,Legendary,733741747C0145509A27AED3B1ED2672,ROYAL RANGER
578443206,6A6EB1440741498284F4C84556E9514E,Rare,6A6EB1440741498284F4C84556E9514E,RED BEARD
1891390866,37CDB17B2F534B2D866E7B1F49009E90,Rare,37CDB17B2F534B2D866E7B1F49009E90,TEAL RAGS
1642536749,463E0E6618BB483091D7AD413AC0F609,Legendary,463E0E6618BB483091D7AD413AC0F609,CYBERNETIC REBEL
1421950681,3B412F1801834BA98D8D83B5C1A8B960,Legendary,3B412F1801834BA98D8D83B5C1A8B960,DARK APPARITION
1937000929,C8DCD4E2A254448086DFCBC710C68B4C,Legendary,C8DCD4E2A254448086DFCBC710C68B4C,DRACONIC LAWBRINGER
201840675,8BC9034E54D34D34A0F96E3B58EEE672,Legendary,8BC9034E54D34D34A0F96E3B58EEE672,ANCIENT WOODLAND CONSTRUCT
292037330,E9F6E3AD46B645298289A0E64DBDD889,Legendary,E9F6E3AD46B645298289A0E64DBDD889,YOUNG CHAMPION
743694990,D6CA8A8A8A36400FA7037CE7E0CF5BF9,Legendary,D6CA8A8A8A36400FA7037CE7E0CF5BF9,FROSTBORN
1979379099,F9AFF0469F1B46ACA95D9B62B3ECC60C,Epic,F9AFF0469F1B46ACA95D9B62B3ECC60C,JADE WARRIOR
1219867352,3B9D49FC1D3B499C94E5611C35D48520,Legendary,3B9D49FC1D3B499C94E5611C35D48520,PALACE GUARD
484894278,7F779B26FEE845DA824E0FC624FC7981,Rare,7F779B26FEE845DA824E0FC624FC7981,BLACK RAGS
1183488546,AE47E7D372754A24B6582E295243ECCD,Legendary,AE47E7D372754A24B6582E295243ECCD,THORNY SNOWMAN
1580368449,CDBC6D43B40A4EE9BD6C59D2778C7827,Rare,CDBC6D43B40A4EE9BD6C59D2778C7827,STEEL BRUNETTE
