Pose ID,Pose Lookup ID,Rarity,Code,Value
1167883269,0C59C7D745DE47E3B0C263FD7B65138B,Rare,0C59C7D745DE47E3B0C263FD7B65138B,CONFIDENCE
1410707502,B3BB499042244982B1620F55F4A59F9E,Epic,B3BB499042244982B1620F55F4A59F9E,PRESTO!
90132222,0C0D5D382D9743029F346B85FA9AB55D,Epic,0C0D5D382D9743029F346B85FA9AB55D,KING OF THE FROGS
461843827,E1A7786F986946078052D13D6FA26CB1,Rare,E1A7786F986946078052D13D6FA26CB1,CHEERS!
1608994811,8636C0FAD197428596D395FA8D149DE0,Rare,8636C0FAD197428596D395FA8D149DE0,TAKING CREDIT
219933138,38999199B372411C869F543CCB5796BD,Epic,38999199B372411C869F543CCB5796BD,AIRBORNE
1635187520,2A290630E03E4E2195A4BE1EFAF65D1A,Epic,2A290630E03E4E2195A4BE1EFAF65D1A,FEEL THE BURN
330788122,459EC0C4EFEA4DBB8E93B0FC00A9E07A,Rare,459EC0C4EFEA4DBB8E93B0FC00A9E07A,THE POWER!
433296348,07BFF64225CC4DA09857D4C30DBCE350,Rare,07BFF64225CC4DA09857D4C30DBCE350,SLEEPY
2084332957,DBD27130F481461A962983F2704D63B0,Rare,DBD27130F481461A962983F2704D63B0,FIRE IN THE HOLE!
302082333,762848DB81224DC28BE6F2840D241523,Epic,762848DB81224DC28BE6F2840D241523,GOOD KITTY
749195765,00C1E3923BF446F68EB926632FF335D1,Epic,00C1E3923BF446F68EB926632FF335D1,POWER OVERWHELMING
1320356997,91F774938B5C448FB994A440B36C3B3F,Common,91F774938B5C448FB994A440B36C3B3F,DEFAULT POSE
1285177405,91F774938B5C448FB994A440B36C3B3F,Common,91F774938B5C448FB994A440B36C3B3F,DEFAULT POSE
1505065066,91F774938B5C448FB994A440B36C3B3F,Common,91F774938B5C448FB994A440B36C3B3F,DEFAULT POSE
1655812601,91F774938B5C448FB994A440B36C3B3F,Common,91F774938B5C448FB994A440B36C3B3F,DEFAULT POSE
920560928,91F774938B5C448FB994A440B36C3B3F,Common,91F774938B5C448FB994A440B36C3B3F,DEFAULT POSE
2066418369,91F774938B5C448FB994A440B36C3B3F,Common,91F774938B5C448FB994A440B36C3B3F,DEFAULT POSE
1487883569,91F774938B5C448FB994A440B36C3B3F,Common,91F774938B5C448FB994A440B36C3B3F,DEFAULT POSE
2047345507,91F774938B5C448FB994A440B36C3B3F,Common,91F774938B5C448FB994A440B36C3B3F,DEFAULT POSE
60493172,91F774938B5C448FB994A440B36C3B3F,Common,91F774938B5C448FB994A440B36C3B3F,DEFAULT POSE
358973016,8A6BF47677844014B43B3963F4A870CE,Rare,8A6BF47677844014B43B3963F4A870CE,HEART
1010190638,090BF958E0204C42B23CF38F44AF0E30,Rare,090BF958E0204C42B23CF38F44AF0E30,RELAX
1850164454,D22CD0A4764241519E39A7E126CD94AC,Rare,D22CD0A4764241519E39A7E126CD94AC,GUN POINT
507740994,91F774938B5C448FB994A440B36C3B3F,Common,91F774938B5C448FB994A440B36C3B3F,DEFAULT POSE
778452293,352D700F981241DEB74FB99F4CA4E8AB,Rare,352D700F981241DEB74FB99F4CA4E8AB,FLEX
824900579,91F774938B5C448FB994A440B36C3B3F,Common,91F774938B5C448FB994A440B36C3B3F,DEFAULT POSE
1012903308,91F774938B5C448FB994A440B36C3B3F,Common,91F774938B5C448FB994A440B36C3B3F,DEFAULT POSE
1935147242,91F774938B5C448FB994A440B36C3B3F,Common,91F774938B5C448FB994A440B36C3B3F,DEFAULT POSE
1632537414,91F774938B5C448FB994A440B36C3B3F,Common,91F774938B5C448FB994A440B36C3B3F,DEFAULT POSE
768029899,91F774938B5C448FB994A440B36C3B3F,Common,91F774938B5C448FB994A440B36C3B3F,DEFAULT POSE
1110814816,91F774938B5C448FB994A440B36C3B3F,Common,91F774938B5C448FB994A440B36C3B3F,DEFAULT POSE
614249197,91F774938B5C448FB994A440B36C3B3F,Common,91F774938B5C448FB994A440B36C3B3F,DEFAULT POSE
977755161,91F774938B5C448FB994A440B36C3B3F,Common,91F774938B5C448FB994A440B36C3B3F,DEFAULT POSE
1749660390,91F774938B5C448FB994A440B36C3B3F,Common,91F774938B5C448FB994A440B36C3B3F,DEFAULT POSE
659532973,91F774938B5C448FB994A440B36C3B3F,Common,91F774938B5C448FB994A440B36C3B3F,DEFAULT POSE
914102918,91F774938B5C448FB994A440B36C3B3F,Common,91F774938B5C448FB994A440B36C3B3F,DEFAULT POSE
147449486,91F774938B5C448FB994A440B36C3B3F,Common,91F774938B5C448FB994A440B36C3B3F,DEFAULT POSE
1541193640,91F774938B5C448FB994A440B36C3B3F,Common,91F774938B5C448FB994A440B36C3B3F,DEFAULT POSE
1944841617,91F774938B5C448FB994A440B36C3B3F,Common,91F774938B5C448FB994A440B36C3B3F,DEFAULT POSE
1036130843,91F774938B5C448FB994A440B36C3B3F,Common,91F774938B5C448FB994A440B36C3B3F,DEFAULT POSE
331611129,A7AE322C182345B383579A5951284EBD,Rare,A7AE322C182345B383579A5951284EBD,ROCKET LOVE
15223860,EC632F6B89D24E399F143B00CD38AB35,Rare,EC632F6B89D24E399F143B00CD38AB35,FEAR ME
1443528855,918F19EE124C4B309EE272BF19D26B4C,Rare,918F19EE124C4B309EE272BF19D26B4C,READY TO STRIKE
1807433135,5177B26A752A42169FEF9B1333364F14,Rare,5177B26A752A42169FEF9B1333364F14,LOOK AT THE CROWD
1294523275,CC8902A3F68842EC8DC3CBAAAFDD4175,Rare,CC8902A3F68842EC8DC3CBAAAFDD4175,SLICE N DICE
229916536,3CDB3D763C0E4124BE01E6A83D6FCBD0,Rare,3CDB3D763C0E4124BE01E6A83D6FCBD0,FLAME ON
737691090,A0DDB890449F47FB98B643F36C0014F2,Legendary,A0DDB890449F47FB98B643F36C0014F2,DAB OF PRIDE AND ACCOMPLISHMENT
1878977225,E5D5796803714E1495C42CE00B5F18DB,Rare,E5D5796803714E1495C42CE00B5F18DB,ANOTHER CHALLENGE
1462810262,AB3580421B5F42FA9546FA5D9B49C429,Rare,AB3580421B5F42FA9546FA5D9B49C429,THE DAB
2103015900,9809F32D59464BF293DE22C64FAFAE6B,Rare,9809F32D59464BF293DE22C64FAFAE6B,SWEET VICTORY
1233490071,6D70D40E1FA14DB1B7D59F6107B49B2F,Rare,6D70D40E1FA14DB1B7D59F6107B49B2F,POINT
9310544,929A53A0EB8944E1A7C7D117AB0E98C4,Rare,929A53A0EB8944E1A7C7D117AB0E98C4,BEVERAGE
1991947073,29707F15F6AC4377A631FAC362645B10,Rare,29707F15F6AC4377A631FAC362645B10,WIN WITH PRIDE
210417291,FF38842BF0464BD2B71164B8E733BEAB,Rare,FF38842BF0464BD2B71164B8E733BEAB,READY TO STRIKE
848981581,339DFAD54CB74ACDB4624B6BD2C338B3,Rare,339DFAD54CB74ACDB4624B6BD2C338B3,THUMBS DOWN
2097882719,1546915FF9994E508ED17C690707452E,Rare,1546915FF9994E508ED17C690707452E,MAJESTY
346776573,C1151B17A3954F4084CBEA15B7FC6F7F,Rare,C1151B17A3954F4084CBEA15B7FC6F7F,THUMBS UP
970370182,286BF38339F146C199A97F26717811D1,Rare,286BF38339F146C199A97F26717811D1,PRIMAL DESTRUCTION
831239957,951EF2826B5D4D86A7944E4F1234E97F,Rare,951EF2826B5D4D86A7944E4F1234E97F,PLEASED TO MEET YA
1998838144,3CE3B2CEEBF44373BAF7220E154567F4,Rare,3CE3B2CEEBF44373BAF7220E154567F4,TRIUMPHANT
1538899165,0B64CED2CBDC4D01BEE6D4860E3DBC74,Rare,0B64CED2CBDC4D01BEE6D4860E3DBC74,PRIMAL PROTECTION
24722838,A2B4C0A51DA541199789A7E34B5A5F05,Rare,A2B4C0A51DA541199789A7E34B5A5F05,OVER THE SHOULDER
1323789844,685E13D246B644C3BB5FD6671DA201DD,Rare,685E13D246B644C3BB5FD6671DA201DD,DEAL WITH IT
1255197579,54B818F1245E42ECA842AC6B86B42D16,Rare,54B818F1245E42ECA842AC6B86B42D16,PEACE
1253703108,7A9381AB35A04BB5A7D9A06211F4D610,Rare,7A9381AB35A04BB5A7D9A06211F4D610,SALUTE THE CROWD
1284861798,E34BEFCA1E10419E9FC7B0642C32DE68,Rare,E34BEFCA1E10419E9FC7B0642C32DE68,POINT
306821074,341AE27954E94D75A91759B953EFB2B2,Rare,341AE27954E94D75A91759B953EFB2B2,RELAXING
939103038,24D80BF4B1194AA7AF86385AEB83A8AD,Rare,24D80BF4B1194AA7AF86385AEB83A8AD,FISH BUBBLE
776255609,8DAACD1E6C3646088C2FB9D3C2C92EE3,Rare,8DAACD1E6C3646088C2FB9D3C2C92EE3,SHARP STEEL
1494850882,DAD9C93F7D1A4B57848677E19BFC1D1D,Rare,DAD9C93F7D1A4B57848677E19BFC1D1D,JOYFUL AIM
1350057545,02C41E70F00C4BFC9D698112A05BA3E2,Rare,02C41E70F00C4BFC9D698112A05BA3E2,THREATENING
1651043245,8CD966314F3D4B0B8786AD51754153E2,Rare,8CD966314F3D4B0B8786AD51754153E2,MEDITATE
1062218161,8CB2234A62D34EB299F11F6CACE64B07,Rare,8CB2234A62D34EB299F11F6CACE64B07,POINT AT THE CROWD
1021941712,12A99654CA78466FBA7C73C72EB4FA35,Rare,12A99654CA78466FBA7C73C72EB4FA35,LOVE FOR BEVERAGE
2057789853,8FD080D5BC56430497D9B6183B8BB3CC,Rare,8FD080D5BC56430497D9B6183B8BB3CC,IS THAT ALL?
1419392683,DE506608C82E4530B1DE75B6AB9377A9,Rare,DE506608C82E4530B1DE75B6AB9377A9,YOU ARE GOING DOWN
1304621187,51173B7597544CD38D3C63E9EFF0A435,Rare,51173B7597544CD38D3C63E9EFF0A435,SWEET VICTORY
1398835377,FE8F948A745D45ADB5CFFD09CE1574C5,Rare,FE8F948A745D45ADB5CFFD09CE1574C5,RELAXING
1750497703,77FA0E0499274EFAB7080528174E108D,Rare,77FA0E0499274EFAB7080528174E108D,VICTORY ASSURED
1905430886,E4C7EBDA69044645BE94E041A08E6A8C,Rare,E4C7EBDA69044645BE94E041A08E6A8C,OVER THE SHOULDER
1884037840,43F22F3379D8420C8D5826CBB8BD67D6,Rare,43F22F3379D8420C8D5826CBB8BD67D6,UNYIELDING FOCUS
1247325534,6336B530CC254E2DB4E826FCD371955C,Rare,6336B530CC254E2DB4E826FCD371955C,JUST A SEC
459443558,834A325B51AE4FC8ACACEF4B1A96AAC0,Rare,834A325B51AE4FC8ACACEF4B1A96AAC0,UNBEATABLE
1117243550,6A0B5B3EDC7F4815AFE1F6C1D78F7F48,Rare,6A0B5B3EDC7F4815AFE1F6C1D78F7F48,IT'S ALIVE!
483821562,65895B8AF81849FB9FFB35EA7666EC32,Rare,65895B8AF81849FB9FFB35EA7666EC32,PRAYER
645614152,916E0206DA48432B9821B097A58F7ED9,Rare,916E0206DA48432B9821B097A58F7ED9,POINT
683249828,84DC74B307A44496B89F40381491A225,Rare,84DC74B307A44496B89F40381491A225,COLOSSAL VICTORY
832633004,74137EBFF7EB4F87A614E42981DB1E0F,Rare,74137EBFF7EB4F87A614E42981DB1E0F,ANCIENT AWAKENING
1628710955,BE69D3A765E949AF999201491D52A4FC,Rare,BE69D3A765E949AF999201491D52A4FC,FROM THE DEEP
1737561591,536BC205397A445987955874E375CF63,Rare,536BC205397A445987955874E375CF63,HARDLY A CHALLENGE
1402084767,39EC355B37D44A098016007671871212,Rare,39EC355B37D44A098016007671871212,GLORY
221505260,62704D63A9524F72A03F46BEE73E338E,Rare,62704D63A9524F72A03F46BEE73E338E,BOO
754102085,CA8EE0A58BFA445E9A079E372CA0CD1A,Rare,CA8EE0A58BFA445E9A079E372CA0CD1A,PROSPERITY
960589332,50E207E1173E4987A314272673672386,Rare,50E207E1173E4987A314272673672386,POINT
1610770225,17E2768A9E5340EEAD58B950E2BFCAE2,Rare,17E2768A9E5340EEAD58B950E2BFCAE2,POINT
1012393318,D912DAAB673D4507A0B6909C160923C4,Rare,D912DAAB673D4507A0B6909C160923C4,READY TO STRIKE
518479703,2DCCB3E8186C4A99ADA48BD6E01F7BA5,Rare,2DCCB3E8186C4A99ADA48BD6E01F7BA5,THUMBS DOWN
290832041,5CAF1056BC4E4C15B3332B9C1059541D,Rare,5CAF1056BC4E4C15B3332B9C1059541D,TA-DAH
1947261600,80A88B7D9BF048BD88E9AD5208E2EB22,Rare,80A88B7D9BF048BD88E9AD5208E2EB22,SEED OF CORRUPTION
1439650029,3E4F8DBF826B4BE982B66F53344A338D,Rare,3E4F8DBF826B4BE982B66F53344A338D,LIFT OFF
1407603198,E53E77085327416A9AC5D819C1423DB9,Rare,E53E77085327416A9AC5D819C1423DB9,SUMMON THE PAIN
588919268,EEFE1112D7E74FC2931CAAF1A0D0F4DA,Rare,EEFE1112D7E74FC2931CAAF1A0D0F4DA,CHALLENGE
1074547109,41E1715CE0EF42589978380170839D7E,Rare,41E1715CE0EF42589978380170839D7E,DARK RIDER
478056093,FB274F681887491082C14223231DCDE4,Rare,FB274F681887491082C14223231DCDE4,HERO
1704980740,D0CB38EF3BA646B3AA4AEA51EBB32C35,Rare,D0CB38EF3BA646B3AA4AEA51EBB32C35,NICE TO MEET YOU
802374574,5F1DC8792B9E43A1BEBB7B08900D6B5D,Rare,5F1DC8792B9E43A1BEBB7B08900D6B5D,FOCUS
1367083772,F0A3184EE7954267A341CF9D1F757411,Rare,F0A3184EE7954267A341CF9D1F757411,TOIL AND TROUBLE
663856915,5FA13134182F42269AB74FCFBBFE5FD8,Rare,5FA13134182F42269AB74FCFBBFE5FD8,THUMBS UP
911435068,9ED4C05944B24609A19C3A594AAA5E73,Rare,9ED4C05944B24609A19C3A594AAA5E73,MONSTER HUNTING
529763499,FA14ABAB1D024598B4BD4CD10CE126FA,Rare,FA14ABAB1D024598B4BD4CD10CE126FA,COIN FLIP
1650430573,B41705C5836140F388AA7AC018EF4E86,Rare,B41705C5836140F388AA7AC018EF4E86,GIFT FROM THE ELDERLY
1543116918,C5CC3E9DF9ED4CA2A835F97D2C87B693,Rare,C5CC3E9DF9ED4CA2A835F97D2C87B693,HALLOWED ASCENSION
788065663,03BC5B2AC1804F2CA529E9007A0B1F8E,Rare,03BC5B2AC1804F2CA529E9007A0B1F8E,POINT
1848357461,FBDDDAA638F7407A9F820A636A5A581B,Rare,FBDDDAA638F7407A9F820A636A5A581B,READY TO GO
508632258,A2AAAF3BEF4343529FEA84FA1675AFE9,Rare,A2AAAF3BEF4343529FEA84FA1675AFE9,A NEW MIX
1118826076,679529B68CF34F9A8560B2F7F24E10A1,Rare,679529B68CF34F9A8560B2F7F24E10A1,CRAWLING GRACE
715694025,678D0E30390745F482B11CCED3A56699,Rare,678D0E30390745F482B11CCED3A56699,BREWMANCER
1936922430,8F104A83F10C4E3696744F54DD05A9EA,Rare,8F104A83F10C4E3696744F54DD05A9EA,PRAISE ME
229367642,583A54AD08DB4D83B2987A6CBA1E61F8,Rare,583A54AD08DB4D83B2987A6CBA1E61F8,SWEET SOUND OF VICTORY
143583195,5BBD25BD1A644F0A84CADA53C233A89C,Rare,5BBD25BD1A644F0A84CADA53C233A89C,BOOP THE BIRD
192328730,42E831162569421DB7B1FC0EA20F293E,Rare,42E831162569421DB7B1FC0EA20F293E,THE FIRST TOOLS
1049135444,0E1E7754100F4B5B89053AE4004F4AA5,Rare,0E1E7754100F4B5B89053AE4004F4AA5,TORCH TORCH TORCH!
790301296,E9A0AB38502F4DB094A1FB1CABE14F35,Rare,E9A0AB38502F4DB094A1FB1CABE14F35,FIRE BAD
1815598473,6D91132A6C0748638759F4D73BF6D869,Rare,6D91132A6C0748638759F4D73BF6D869,TORCH
1459836256,F7699AEC8CFC4FEE9652E2BC23BA8848,Rare,F7699AEC8CFC4FEE9652E2BC23BA8848,DELIGHTFUL MEAL
1851510112,95E9F0BC31A848669A823618CF109C11,Rare,95E9F0BC31A848669A823618CF109C11,TAKING AIM
739959916,DF59225D131F41A9967D54BAF694F7AF,Rare,DF59225D131F41A9967D54BAF694F7AF,EXPLORER
1099346506,0E9907D4D8E0417D9632E77882C1C2B8,Rare,0E9907D4D8E0417D9632E77882C1C2B8,A BROTHERS GIFT
1498512730,22B50CD9150C4780B54D20F43F5C4E37,Rare,22B50CD9150C4780B54D20F43F5C4E37,BANG BANG
1161504897,45764BEF78E54B8AA0BB938B85AA64D4,Rare,45764BEF78E54B8AA0BB938B85AA64D4,PRAISE THE STARS
1816013006,82B72BDF35984E1D8CD8213CAEC2F9AF,Rare,82B72BDF35984E1D8CD8213CAEC2F9AF,KISS OR TREAT
411291139,C6D1449985044504863A7914F206BAAD,Rare,C6D1449985044504863A7914F206BAAD,LOVELY GIFT
1328656584,5FD875AB38EC4AE49536D48E7456E136,Rare,5FD875AB38EC4AE49536D48E7456E136,A WINTER SNACK
1014845065,6B18E9643E5D4101B7F77C35B29E854B,Rare,6B18E9643E5D4101B7F77C35B29E854B,A TINY BELL
1480495794,88E451AACFB64506A52D8C336959B784,Rare,88E451AACFB64506A52D8C336959B784,UNWELCOME GIFTS
272801113,A371C9802DAB44B7BC232DE12AFFED77,Rare,A371C9802DAB44B7BC232DE12AFFED77,THE EXPLORER
1815845367,561343B301F549619B23208FFB4EB1CE,Rare,561343B301F549619B23208FFB4EB1CE,ASHKA BAKE!
873021313,25F4E50E933E4E95863EE03C4780ED82,Rare,25F4E50E933E4E95863EE03C4780ED82,WONDERFULLY SMELLY GIFT
2000016233,89CF7F746E1341269C2DC1E972EA4F80,Rare,89CF7F746E1341269C2DC1E972EA4F80,LET IT SNOW
826065237,D3CD92386F44402FB4014B1074E58680,Rare,D3CD92386F44402FB4014B1074E58680,THE SMELLY GIFT
524089564,414227E7104F417A8FC5CE9F464CD9EA,Rare,414227E7104F417A8FC5CE9F464CD9EA,MEOW MEOW
1457664049,98903E9E7BD447CD9A48BEF050052C69,Rare,98903E9E7BD447CD9A48BEF050052C69,AWFUL COOKIES
1977228953,A9AC4C78A83A4FD281807494B6FCE1F4,Rare,A9AC4C78A83A4FD281807494B6FCE1F4,COME GET SOME
797347,D1526FC7170B429FA8467CC93D7BCFE4,Rare,D1526FC7170B429FA8467CC93D7BCFE4,WARM DRINK
2032606169,C2B20AA903F54A81A0653FCE2A6B055B,Rare,C2B20AA903F54A81A0653FCE2A6B055B,THE ORB
1872337763,20B9605E1B364FE28A4765AF1AF88485,Rare,20B9605E1B364FE28A4765AF1AF88485,GIFT FROM HOME
1627583347,7FA7D346A6184A21B4A0951BFDEA7CC8,Rare,7FA7D346A6184A21B4A0951BFDEA7CC8,SPARKS BAD
838274128,12D029D3293849ADA0469F18410DFE0A,Rare,12D029D3293849ADA0469F18410DFE0A,BONFIRE
808339606,FCE5D5B887F0487E92C94201F5650913,Rare,FCE5D5B887F0487E92C94201F5650913,MYSTERY PRESENT
925396463,D885471898EF47E9BECC6322F1ABE0B3,Rare,D885471898EF47E9BECC6322F1ABE0B3,FUN WITH SNOW
1666546787,A5CDCA7E62184B128E58D029DDBC78DE,Rare,A5CDCA7E62184B128E58D029DDBC78DE,BAD COOKIES
435339685,C821E19902704E1DAEA6ED5C2698CF5E,Rare,C821E19902704E1DAEA6ED5C2698CF5E,A SMALL FRIEND
2018699120,F41F4565D60D46BBA9B6ADC45EF92213,Rare,F41F4565D60D46BBA9B6ADC45EF92213,I DARE YOU
530272402,BFF4B582B04F413787DF40484C32D335,Rare,BFF4B582B04F413787DF40484C32D335,GAMING
913490673,316619A3C5D24590A0FC63356EB15CDE,Rare,316619A3C5D24590A0FC63356EB15CDE,BLADE MASTER STANCE
168041925,13B802ACA61145F198E43B5CF0D6AD35,Rare,13B802ACA61145F198E43B5CF0D6AD35,A GIFT OF LOVE
1882353632,8F2BFA70BD3A48DA9C7A99FF1D97360B,Rare,8F2BFA70BD3A48DA9C7A99FF1D97360B,PREPARATIONS
101490584,8CFB52654F46435989D719C0A2752E89,Rare,8CFB52654F46435989D719C0A2752E89,GRACEFUL KNOT
1923278474,91152864BAF74A9CAF788E8F6023070C,Rare,91152864BAF74A9CAF788E8F6023070C,ANTICIPATION
1461132874,BD9359C5D6C94EE2B2029602EF377FD8,Rare,BD9359C5D6C94EE2B2029602EF377FD8,HOPEFULLY SWEET
320305407,439BF282268E4E2799AD03A4F69DFAA3,Rare,439BF282268E4E2799AD03A4F69DFAA3,NIGHT HUNTER
1653602285,97162C3283BE4C698412C4EE4843B1E1,Rare,97162C3283BE4C698412C4EE4843B1E1,GLORY
1232872090,357D32A34E804B408B81706ADA0537F3,Rare,357D32A34E804B408B81706ADA0537F3,DRAMATIC READING
1141500261,832799829AC54CF69537C750A1C7E84A,Rare,832799829AC54CF69537C750A1C7E84A,A BLESSING
123634135,30B62E3335164E91A09BA888DB95DCCE,Rare,30B62E3335164E91A09BA888DB95DCCE,TIME MANAGEMENT
1143468769,BA298EEEE1E2475FAB3B64800B3A6E23,Rare,BA298EEEE1E2475FAB3B64800B3A6E23,GRACEFUL PERFORMANCE
1128257617,6B87A2AF8A1D49D19E5E8121B4052298,Rare,6B87A2AF8A1D49D19E5E8121B4052298,ANOTHER CHALLENGE
2041147308,9516CCE9BB7A495E9FF54A865EBB24B0,Rare,9516CCE9BB7A495E9FF54A865EBB24B0,BEVERAGE
546284346,2969BB604EB645AA8A9F14F69B2706E4,Rare,2969BB604EB645AA8A9F14F69B2706E4,READY TO STRIKE AGAIN
270804996,CF1027936559410A8A61D0B7DB483C22,Rare,CF1027936559410A8A61D0B7DB483C22,TAKE A BOW
595090616,84798225E80E44C387E6C9D443491678,Rare,84798225E80E44C387E6C9D443491678,GIFT SPINNER
233433773,0D27A722E1E5449E97428AA1EC3086EA,Rare,0D27A722E1E5449E97428AA1EC3086EA,HERITAGE
1796413282,533AFD2B1F2E4C4E9B590B592842D718,Rare,533AFD2B1F2E4C4E9B590B592842D718,EXCITEMENT
595780374,D22C43E65C10471DA516061DC569B578,Rare,D22C43E65C10471DA516061DC569B578,CELEBRATION SPELLS
553323459,C9E95D2F6099429882102617AEE4FA01,Rare,C9E95D2F6099429882102617AEE4FA01,DEAL WITH IT
1954577269,7FC88DCBD7F3483789A5E1C84EB67BE2,Rare,7FC88DCBD7F3483789A5E1C84EB67BE2,FLOAT
1522544256,F25939EB5D314A1B8DABB39D31C1BAEF,Rare,F25939EB5D314A1B8DABB39D31C1BAEF,PICK A CARD
2100389390,5556C4ECA57D4EE4A17D191C43D9F8D9,Rare,5556C4ECA57D4EE4A17D191C43D9F8D9,REVOLVERS READY
268615719,C096B28AD1EF47DFA329E1D6F0E79325,Rare,C096B28AD1EF47DFA329E1D6F0E79325,THE WINTER CHALLENGE
108049201,E448C6CF4E9145C4A52057BC7AB0A830,Rare,E448C6CF4E9145C4A52057BC7AB0A830,ANTICIPATION
1717499071,2A2C74DFF3B54F8AB7054546E900508A,Rare,2A2C74DFF3B54F8AB7054546E900508A,GOOD INTENTIONS
496169438,4F0382FC90A147A880CCDBAC11D71576,Rare,4F0382FC90A147A880CCDBAC11D71576,COURTEOUS
673162864,E9513B7E5BE64A7E95E604A9E7838CAF,Rare,E9513B7E5BE64A7E95E604A9E7838CAF,PIXIE DUST
579610825,507C020EADE042E0A24D3F0BCAFFF35C,Rare,507C020EADE042E0A24D3F0BCAFFF35C,GAZE INTO THE DISTANCE
15327875,C91E24BAD802456A9AD3B073386CE983,Rare,C91E24BAD802456A9AD3B073386CE983,SWEET VICTORY
439641408,2F8CA90848074907B67D40E8AE0B7F16,Rare,2F8CA90848074907B67D40E8AE0B7F16,LEVITATE
1311005002,3873F9043FF448C4A4EB4B30DCDD025D,Rare,3873F9043FF448C4A4EB4B30DCDD025D,FLEX
1866269483,91F774938B5C448FB994A440B36C3B3F,Common,91F774938B5C448FB994A440B36C3B3F,DEFAULT POSE
1860433920,91F774938B5C448FB994A440B36C3B3F,Common,91F774938B5C448FB994A440B36C3B3F,DEFAULT POSE
39692927,DEAA969C03134ECEA63E902E165E957C,Rare,DEAA969C03134ECEA63E902E165E957C,LIGHT THE WINTER PATH
1170337850,A9A866C0ADAD41D681650962D2B21EEA,Rare,A9A866C0ADAD41D681650962D2B21EEA,LOVELY FLAME
609485829,91F774938B5C448FB994A440B36C3B3F,Common,91F774938B5C448FB994A440B36C3B3F,DEFAULT POSE
311831565,61D2F8C6BAC348C591C608765507DADE,Rare,61D2F8C6BAC348C591C608765507DADE,ARACHNID PLAY
325335630,8F06D54E089B47E096E464A3A32A5224,Rare,8F06D54E089B47E096E464A3A32A5224,BLAST OFF
941750715,949EA1C010DF407B8A55EE72F62A2666,Rare,949EA1C010DF407B8A55EE72F62A2666,A WORK OF ART
1690443415,B22982E5A9684F85AB389D19CD5002BA,Rare,B22982E5A9684F85AB389D19CD5002BA,WHAT LOVELY GIFTS
1659513607,1117D8D9D5D04D868FC190EC37582C73,Rare,1117D8D9D5D04D868FC190EC37582C73,SKY HERO
1724904438,F5D8E5E283A840FEAC69233293A398BC,Rare,F5D8E5E283A840FEAC69233293A398BC,PEACE OUT
1186918050,C0D38BF186694354A05630992F097C7D,Rare,C0D38BF186694354A05630992F097C7D,SEEN YOU SOMEWHERE
2046110859,B7774161177845CBAF64C566CD2E7EB5,Rare,B7774161177845CBAF64C566CD2E7EB5,MIGHTY HAMMER
547567895,07CFBC8336444E8690BB5701AD3654BD,Rare,07CFBC8336444E8690BB5701AD3654BD,PONDERING
1305591420,B9DA7DA1FB434722A0F6D578300E2C20,Rare,B9DA7DA1FB434722A0F6D578300E2C20,ADMIRE THE TIME
830123205,945E62D93CF547358406EC58433DFE3A,Rare,945E62D93CF547358406EC58433DFE3A,POWER FLOWS
1754581772,3B26472A629F415EB63A234255C39B52,Rare,3B26472A629F415EB63A234255C39B52,JUICY MEAT
258190976,B1CD024A01514543B9798F71784D1F42,Rare,B1CD024A01514543B9798F71784D1F42,COME TO ME
72511009,57C601398E744EC5B5B95B34C97F6BB0,Rare,57C601398E744EC5B5B95B34C97F6BB0,REFRESHMENT
888328549,0040BDCDB0714F7BBCAF5C05E591BF3D,Rare,0040BDCDB0714F7BBCAF5C05E591BF3D,GRACEFUL CHAINS
767831061,195E1B24A6E44AFA9982E605BBD93797,Rare,195E1B24A6E44AFA9982E605BBD93797,A GRACEFUL VICTORY
386479715,BA9B2FE40D284BADB9C7F353411BBFA7,Rare,BA9B2FE40D284BADB9C7F353411BBFA7,THE PATH
379351688,0D6625BAAC58422CAB11738FD4768B69,Rare,0D6625BAAC58422CAB11738FD4768B69,SPIRITUAL SENDOFF
1305138762,380A055B635A41DAB09E3AAD7ABFB5EB,Rare,380A055B635A41DAB09E3AAD7ABFB5EB,THUMBS UP
1275289955,849C14053D76409DB42BA7E7EAA9290B,Rare,849C14053D76409DB42BA7E7EAA9290B,GIFTS FROM MANY
1762893628,878791F62B0A4DF5BAC8BF0D246EDDCF,Rare,878791F62B0A4DF5BAC8BF0D246EDDCF,HERO
1234820078,5B52E7978413421E94AA2B17DA4EFFF5,Rare,5B52E7978413421E94AA2B17DA4EFFF5,DARK MAGIC
1103941571,B6380F664C684871A6BDDB76687C266D,Rare,B6380F664C684871A6BDDB76687C266D,A MODEST MEAL
1885785449,0877FC1A989B44309C38B4566BE4FDA6,Rare,0877FC1A989B44309C38B4566BE4FDA6,GLORY
980153722,C58B08B3B41C494E90E0B4A6027B28B3,Rare,C58B08B3B41C494E90E0B4A6027B28B3,RIGHTEOUS COMMAND
732919511,778D3CB4A72A4E2E8DE0492F4176DB4A,Rare,778D3CB4A72A4E2E8DE0492F4176DB4A,DEAL WITH IT
664187397,26E47E11720B47A29887C244C2769270,Rare,26E47E11720B47A29887C244C2769270,MEAL OF LONGEVITY
664758489,5A09484548DD4B498F4C037F48679BEE,Rare,5A09484548DD4B498F4C037F48679BEE,MONKEY'S AGILITY
235006948,5857B498165C419EA42D8C25579808EE,Rare,5857B498165C419EA42D8C25579808EE,OVER THE SHOULDER
1792608571,AC1B0D648A874D8A967DF3355E66B4ED,Rare,AC1B0D648A874D8A967DF3355E66B4ED,READY TO ROCK-ET
1110424602,9B5E1008E8974595B2B8825F2CB0EAD0,Rare,9B5E1008E8974595B2B8825F2CB0EAD0,WACKY METAL
1074976139,75356F28F6B64B7E989314A9996041FA,Rare,75356F28F6B64B7E989314A9996041FA,ZEN
1194207704,F285F5A73E6C43EEA0C3C205C64E61ED,Rare,F285F5A73E6C43EEA0C3C205C64E61ED,LUCKY FROG
1869574498,C08FDF8F4C10424CA3EE6DD91E367D83,Rare,C08FDF8F4C10424CA3EE6DD91E367D83,RELAXING
380171576,EF7643FFB3704849AFEDDA9EE4502EBC,Rare,EF7643FFB3704849AFEDDA9EE4502EBC,DINNER TIME
1425888934,6967AAB722884257967145C8981D20AB,Rare,6967AAB722884257967145C8981D20AB,A SISTERS GIFT
896019895,7B1AE81852D94933A6E6C648AE8D38A7,Rare,7B1AE81852D94933A6E6C648AE8D38A7,DARK CONSUMPTION
1789167083,5D163243FED24C1B9C0A8E9570D4A396,Rare,5D163243FED24C1B9C0A8E9570D4A396,SOLAR SYSTEM
1656976181,DC6AF12BD7B14FFA91C34BDACD19A1FB,Rare,DC6AF12BD7B14FFA91C34BDACD19A1FB,CLEVER PROPELLANT
734380444,ECDD9C1E41B94C2596349C18832383D8,Rare,ECDD9C1E41B94C2596349C18832383D8,FEED ME
